Source,Class,Sub-Class,Tag1,Tag2,Tag3,C_Count,L_Count
Unknown,Unknown,,,Unknown,Unknown,0,0
VSS,Alchemist,,VSS.Alchemist,VSS.Alchemist,Alchemist,0,0
VSS,Alchemist,Amorist,VSS.Alchemist,VSS.Alchemist.Amorist,Alchemist.Amorist,0,0
VSS,Alchemist,Apothecary,VSS.Alchemist,VSS.Alchemist.Apothecary,Alchemist.Apothecary,0,0
VSS,Alchemist,Dynamo Engineer,VSS.Alchemist,VSS.Alchemist.Dynamo Engineer,Alchemist.Dynamo Engineer,0,0
VSS,Alchemist,Mad Bomber,VSS.Alchemist,VSS.Alchemist.Mad Bomber,Alchemist.Mad Bomber,0,0
VSS,Alchemist,Mutagenist,VSS.Alchemist,VSS.Alchemist.Mutagenist,Alchemist.Mutagenist,0,0
VSS,Alchemist,Ooze Rancher,VSS.Alchemist,VSS.Alchemist.Ooze Rancher,Alchemist.Ooze Rancher,0,0
VSS,Alchemist,Venomsmith,VSS.Alchemist,VSS.Alchemist.Venomsmith,Alchemist.Venomsmith,0,0
VSS,Alchemist,Xenoalchemist,VSS.Alchemist,VSS.Alchemist.Xenoalchemist,Alchemist.Xenoalchemist,0,0
TCE,Artificer,,TCE.Artificer,TCE.Artificer,Artificer,0,0
TCE,Artificer,Alchemist,TCE.Artificer,TCE.Artificer.Alchemist,Artificer.Alchemist,0,0
TCE,Artificer,Armorer,TCE.Artificer,TCE.Artificer.Armorer,Artificer.Armorer,0,0
TCE,Artificer,Artillerist,TCE.Artificer,TCE.Artificer.Artillerist,Artificer.Artillerist,0,0
TCE,Artificer,Battle Smith,TCE.Artificer,TCE.Artificer.Battle Smith,Artificer.Battle Smith,0,0
PHB,Barbarian,,PHB.Barbarian,PHB.Barbarian,Barbarian,0,0
PHB,Barbarian,Path of the Berserker,PHB.Barbarian,PHB.Barbarian.Path of the Berserker,Barbarian.Path of the Berserker,0,0
PHB,Barbarian,Path of the Totem Warrior,PHB.Barbarian,PHB.Barbarian.Path of the Totem Warrior,Barbarian.Path of the Totem Warrior,0,0
CR,Barbarian,Path of the Juggernaut,CR.Barbarian,CR.Barbarian.Path of the Juggernaut,Barbarian.Path of the Juggernaut,0,0
SCAG,Barbarian,Path of the Battlerager,SCAG.Barbarian,SCAG.Barbarian.Path of the Battlerager,Barbarian.Path of the Battlerager,0,0
TCE,Barbarian,Path of the Beast,TCE.Barbarian,TCE.Barbarian.Path of the Beast,Barbarian.Path of the Beast,0,0
TCE,Barbarian,Path of Wild Magic,TCE.Barbarian,TCE.Barbarian.Path of Wild Magic,Barbarian.Path of Wild Magic,0,0
VSS,Barbarian,Path of Heavy Metal,VSS.Barbarian,VSS.Barbarian.Path of Heavy Metal,Barbarian.Path of Heavy Metal,0,0
VSS,Barbarian,Path of the Colossus,VSS.Barbarian,VSS.Barbarian.Path of the Colossus,Barbarian.Path of the Colossus,0,0
VSS,Barbarian,Path of the Fin,VSS.Barbarian,VSS.Barbarian.Path of the Fin,Barbarian.Path of the Fin,0,0
VSS,Barbarian,Path of the Muscle Wizard,VSS.Barbarian,VSS.Barbarian.Path of the Muscle Wizard,Barbarian.Path of the Muscle Wizard,0,0
VSS,Barbarian,Path of the Rage Mage,VSS.Barbarian,VSS.Barbarian.Path of the Rage Mage,Barbarian.Path of the Rage Mage,0,0
VSS,Barbarian,Path of Tranquility,VSS.Barbarian,VSS.Barbarian.Path of Tranquility,Barbarian.Path of Tranquility,0,0
XGE,Barbarian,Path of the Ancestral Guardian,XGE.Barbarian,XGE.Barbarian.Path of the Ancestral Guardian,Barbarian.Path of the Ancestral Guardian,0,0
XGE,Barbarian,Path of the Storm Herald,XGE.Barbarian,XGE.Barbarian.Path of the Storm Herald,Barbarian.Path of the Storm Herald,0,0
XGE,Barbarian,Path of the Zealot,XGE.Barbarian,XGE.Barbarian.Path of the Zealot,Barbarian.Path of the Zealot,0,0
PHB,Bard,,PHB.Bard,PHB.Bard,Bard,0,0
PHB,Bard,College of Lore,PHB.Bard,PHB.Bard.College of Lore,Bard.College of Lore,0,0
PHB,Bard,College of Valor,PHB.Bard,PHB.Bard.College of Valor,Bard.College of Valor,0,0
CR,Bard,College of Tragedy,CR.Bard,CR.Bard.College of Tragedy,Bard.College of Tragedy,0,0
TCE,Bard,College of Creation,TCE.Bard,TCE.Bard.College of Creation,Bard.College of Creation,0,0
TCE,Bard,College of Eloquence,TCE.Bard,TCE.Bard.College of Eloquence,Bard.College of Eloquence,0,0
VRGR,Bard,College of Spirits,VRGR.Bard,VRGR.Bard.College of Spirits,Bard.College of Spirits,0,0
VSS,Bard,College of Cantors,VSS.Bard,VSS.Bard.College of Cantors,Bard.College of Cantors,0,0
VSS,Bard,College of Graffiti,VSS.Bard,VSS.Bard.College of Graffiti,Bard.College of Graffiti,0,0
VSS,Bard,College of Jesters,VSS.Bard,VSS.Bard.College of Jesters,Bard.College of Jesters,0,0
VSS,Bard,College of Masks,VSS.Bard,VSS.Bard.College of Masks,Bard.College of Masks,0,0
VSS,Bard,College of Romance,VSS.Bard,VSS.Bard.College of Romance,Bard.College of Romance,0,0
VSS,Bard,College of the Mad God,VSS.Bard,VSS.Bard.College of the Mad God,Bard.College of the Mad God,0,0
XGE,Bard,College of Glamour,XGE.Bard,XGE.Bard.College of Glamour,Bard.College of Glamour,0,0
XGE,Bard,College of Swords,XGE.Bard,XGE.Bard.College of Swords,Bard.College of Swords,0,0
XGE,Bard,College of Whispers,XGE.Bard,XGE.Bard.College of Whispers,Bard.College of Whispers,0,0
CR,Blood Hunter,,CR.Blood Hunter,CR.Blood Hunter,Blood Hunter,0,0
CR,Blood Hunter,Order of the Ghostslayer,CR.Blood Hunter,CR.Blood Hunter.Order of the Ghostslayer,Blood Hunter.Order of the Ghostslayer,0,0
CR,Blood Hunter,Order of the Lycan,CR.Blood Hunter,CR.Blood Hunter.Order of the Lycan,Blood Hunter.Order of the Lycan,0,0
CR,Blood Hunter,Order of the Mutant,CR.Blood Hunter,CR.Blood Hunter.Order of the Mutant,Blood Hunter.Order of the Mutant,0,0
CR,Blood Hunter,Order of the Profane Soul,CR.Blood Hunter,CR.Blood Hunter.Order of the Profane Soul,Blood Hunter.Order of the Profane Soul,0,0
CR,Blood Hunter,Order of the Profane Soul.The Archfey,CR.Blood Hunter,CR.Blood Hunter.Order of the Profane Soul.The Archfey,Blood Hunter.Order of the Profane Soul.The Archfey,0,0
CR,Blood Hunter,Order of the Profane Soul.The Celestial,CR.Blood Hunter,CR.Blood Hunter.Order of the Profane Soul.The Celestial,Blood Hunter.Order of the Profane Soul.The Celestial,0,0
CR,Blood Hunter,Order of the Profane Soul.The Fathomless,CR.Blood Hunter,CR.Blood Hunter.Order of the Profane Soul.The Fathomless,Blood Hunter.Order of the Profane Soul.The Fathomless,0,0
CR,Blood Hunter,Order of the Profane Soul.The Fiend,CR.Blood Hunter,CR.Blood Hunter.Order of the Profane Soul.The Fiend,Blood Hunter.Order of the Profane Soul.The Fiend,0,0
CR,Blood Hunter,Order of the Profane Soul.The Genie,CR.Blood Hunter,CR.Blood Hunter.Order of the Profane Soul.The Genie,Blood Hunter.Order of the Profane Soul.The Genie,0,0
CR,Blood Hunter,Order of the Profane Soul.The Great Old One,CR.Blood Hunter,CR.Blood Hunter.Order of the Profane Soul.The Great Old One,Blood Hunter.Order of the Profane Soul.The Great Old One,0,0
CR,Blood Hunter,Order of the Profane Soul.The Hexblade,CR.Blood Hunter,CR.Blood Hunter.Order of the Profane Soul.The Hexblade,Blood Hunter.Order of the Profane Soul.The Hexblade,0,0
CR,Blood Hunter,Order of the Profane Soul.The Undead,CR.Blood Hunter,CR.Blood Hunter.Order of the Profane Soul.The Undead,Blood Hunter.Order of the Profane Soul.The Undead,0,0
CR,Blood Hunter,Order of the Profane Soul.The Undying,CR.Blood Hunter,CR.Blood Hunter.Order of the Profane Soul.The Undying,Blood Hunter.Order of the Profane Soul.The Undying,0,0
VSS,Captain,,VSS.Captain,VSS.Captain,Captain,0,0
VSS,Captain,Dragon Banner,VSS.Captain,VSS.Captain.Dragon Banner,Captain.Dragon Banner,0,0
VSS,Captain,Eagle Banner,VSS.Captain,VSS.Captain.Eagle Banner,Captain.Eagle Banner,0,0
VSS,Captain,Jolly Roger Banner,VSS.Captain,VSS.Captain.Jolly Roger Banner,Captain.Jolly Roger Banner,0,0
VSS,Captain,Lion Banner,VSS.Captain,VSS.Captain.Lion Banner,Captain.Lion Banner,0,0
VSS,Captain,Ram Banner,VSS.Captain,VSS.Captain.Ram Banner,Captain.Ram Banner,0,0
VSS,Captain,Raven Banner,VSS.Captain,VSS.Captain.Raven Banner,Captain.Raven Banner,0,0
VSS,Captain,Turtle Banner,VSS.Captain,VSS.Captain.Turtle Banner,Captain.Turtle Banner,0,0
PHB,Cleric,,PHB.Cleric,PHB.Cleric,Cleric,0,0
CR,Cleric,Blood Domain,CR.Cleric,CR.Cleric.Blood Domain,Cleric.Blood Domain,0,0
CR,Cleric,Moon Domain,CR.Cleric,CR.Cleric.Moon Domain,Cleric.Moon Domain,0,0
DMG,Cleric,Death Domain,DMG.Cleric,DMG.Cleric.Death Domain,Cleric.Death Domain,0,0
PHB,Cleric,Knowledge Domain,PHB.Cleric,PHB.Cleric.Knowledge Domain,Cleric.Knowledge Domain,0,0
PHB,Cleric,Life Domain,PHB.Cleric,PHB.Cleric.Life Domain,Cleric.Life Domain,0,0
PHB,Cleric,Light Domain,PHB.Cleric,PHB.Cleric.Light Domain,Cleric.Light Domain,0,0
PHB,Cleric,Nature Domain,PHB.Cleric,PHB.Cleric.Nature Domain,Cleric.Nature Domain,0,0
PHB,Cleric,Tempest Domain,PHB.Cleric,PHB.Cleric.Tempest Domain,Cleric.Tempest Domain,0,0
PHB,Cleric,Trickery Domain,PHB.Cleric,PHB.Cleric.Trickery Domain,Cleric.Trickery Domain,0,0
PHB,Cleric,War Domain,PHB.Cleric,PHB.Cleric.War Domain,Cleric.War Domain,0,0
SCAG,Cleric,Arcana Domain,SCAG.Cleric,SCAG.Cleric.Arcana Domain,Cleric.Arcana Domain,0,0
TCE,Cleric,Order Domain,TCE.Cleric,TCE.Cleric.Order Domain,Cleric.Order Domain,0,0
TCE,Cleric,Peace Domain,TCE.Cleric,TCE.Cleric.Peace Domain,Cleric.Peace Domain,0,0
TCE,Cleric,Twilight Domain,TCE.Cleric,TCE.Cleric.Twilight Domain,Cleric.Twilight Domain,0,0
VSS,Cleric,Destruction Domain,VSS.Cleric,VSS.Cleric.Destruction Domain,Cleric.Destruction Domain,0,0
VSS,Cleric,Madness Domain,VSS.Cleric,VSS.Cleric.Madness Domain,Cleric.Madness Domain,0,0
VSS,Cleric,Pestilence Domain,VSS.Cleric,VSS.Cleric.Pestilence Domain,Cleric.Pestilence Domain,0,0
VSS,Cleric,Rum Domain,VSS.Cleric,VSS.Cleric.Rum Domain,Cleric.Rum Domain,0,0
VSS,Cleric,Travel Domain,VSS.Cleric,VSS.Cleric.Travel Domain,Cleric.Travel Domain,0,0
VSS,Cleric,Wealth Domain,VSS.Cleric,VSS.Cleric.Wealth Domain,Cleric.Wealth Domain,0,0
XGE,Cleric,Forge Domain,XGE.Cleric,XGE.Cleric.Forge Domain,Cleric.Forge Domain,0,0
XGE,Cleric,Grave Domain,XGE.Cleric,XGE.Cleric.Grave Domain,Cleric.Grave Domain,0,0
VSS,Craftsman,,VSS.Craftsman,VSS.Craftsman,Craftsman,0,0
VSS,Craftsman,Arcane Maesters' Guild,VSS.Craftsman,VSS.Craftsman.Arcane Maesters' Guild,Craftsman.Arcane Maesters' Guild,0,0
VSS,Craftsman,Armigers’ Guild,VSS.Craftsman,VSS.Craftsman.Armigers’ Guild,Craftsman.Armigers’ Guild,0,0
VSS,Craftsman,Bladeworkers' Guild,VSS.Craftsman,VSS.Craftsman.Bladeworkers' Guild,Craftsman.Bladeworkers' Guild,0,0
VSS,Craftsman,Calibarons’ Guild,VSS.Craftsman,VSS.Craftsman.Calibarons’ Guild,Craftsman.Calibarons’ Guild,0,0
VSS,Craftsman,Forgeknight’s Guild,VSS.Craftsman,VSS.Craftsman.Forgeknight’s Guild,Craftsman.Forgeknight’s Guild,0,0
VSS,Craftsman,Mechanauts’ Guild,VSS.Craftsman,VSS.Craftsman.Mechanauts’ Guild,Craftsman.Mechanauts’ Guild,0,0
VSS,Craftsman,Thunderlords’ Guild,VSS.Craftsman,VSS.Craftsman.Thunderlords’ Guild,Craftsman.Thunderlords’ Guild,0,0
VSS,Craftsman,Trapper’s Guild,VSS.Craftsman,VSS.Craftsman.Trapper’s Guild,Craftsman.Trapper’s Guild,0,0
PHB,Druid,,PHB.Druid,PHB.Druid,Druid,0,0
PHB,Druid,Circle of the Land,PHB.Druid,PHB.Druid.Circle of the Land,Druid.Circle of the Land,0,0
PHB,Druid,Circle of the Land.Arctic,PHB.Druid,PHB.Druid.Circle of the Land.Arctic,Druid.Circle of the Land.Arctic,0,0
PHB,Druid,Circle of the Land.Coast,PHB.Druid,PHB.Druid.Circle of the Land.Coast,Druid.Circle of the Land.Coast,0,0
PHB,Druid,Circle of the Land.Desert,PHB.Druid,PHB.Druid.Circle of the Land.Desert,Druid.Circle of the Land.Desert,0,0
PHB,Druid,Circle of the Land.Forest,PHB.Druid,PHB.Druid.Circle of the Land.Forest,Druid.Circle of the Land.Forest,0,0
PHB,Druid,Circle of the Land.Grassland,PHB.Druid,PHB.Druid.Circle of the Land.Grassland,Druid.Circle of the Land.Grassland,0,0
PHB,Druid,Circle of the Land.Mountain,PHB.Druid,PHB.Druid.Circle of the Land.Mountain,Druid.Circle of the Land.Mountain,0,0
PHB,Druid,Circle of the Land.Swamp,PHB.Druid,PHB.Druid.Circle of the Land.Swamp,Druid.Circle of the Land.Swamp,0,0
PHB,Druid,Circle of the Land.Underdark,PHB.Druid,PHB.Druid.Circle of the Land.Underdark,Druid.Circle of the Land.Underdark,0,0
PHB,Druid,Circle of the Moon,PHB.Druid,PHB.Druid.Circle of the Moon,Druid.Circle of the Moon,0,0
CR,Druid,Circle of the Blighted,CR.Druid,CR.Druid.Circle of the Blighted,Druid.Circle of the Blighted,0,0
TCE,Druid,Circle of Spores,TCE.Druid,TCE.Druid.Circle of Spores,Druid.Circle of Spores,0,0
TCE,Druid,Circle of Stars,TCE.Druid,TCE.Druid.Circle of Stars,Druid.Circle of Stars,0,0
TCE,Druid,Circle of Wildfire,TCE.Druid,TCE.Druid.Circle of Wildfire,Druid.Circle of Wildfire,0,0
VSS,Druid,Circle of Stones,VSS.Druid,VSS.Druid.Circle of Stones,Druid.Circle of Stones,0,0
VSS,Druid,Circle of the City,VSS.Druid,VSS.Druid.Circle of the City,Druid.Circle of the City,0,0
VSS,Druid,Circle of the Deep,VSS.Druid,VSS.Druid.Circle of the Deep,Druid.Circle of the Deep,0,0
VSS,Druid,Circle of the Fist,VSS.Druid,VSS.Druid.Circle of the Fist,Druid.Circle of the Fist,0,0
VSS,Druid,Circle of the Wyrm,VSS.Druid,VSS.Druid.Circle of the Wyrm,Druid.Circle of the Wyrm,0,0
VSS,Druid,Circle of Vermin,VSS.Druid,VSS.Druid.Circle of Vermin,Druid.Circle of Vermin,0,0
XGE,Druid,Circle of Dreams,XGE.Druid,XGE.Druid.Circle of Dreams,Druid.Circle of Dreams,0,0
XGE,Druid,Circle of the Shepherd,XGE.Druid,XGE.Druid.Circle of the Shepherd,Druid.Circle of the Shepherd,0,0
PHB,Fighter,,PHB.Fighter,PHB.Fighter,Fighter,0,0
EGW,Fighter,Echo Knight,EGW.Fighter,EGW.Fighter.Echo Knight,Fighter.Echo Knight,0,0
PHB,Fighter,Battle Master,PHB.Fighter,PHB.Fighter.Battle Master,Fighter.Battle Master,0,0
PHB,Fighter,Champion,PHB.Fighter,PHB.Fighter.Champion,Fighter.Champion,0,0
PHB,Fighter,Eldritch Knight,PHB.Fighter,PHB.Fighter.Eldritch Knight,Fighter.Eldritch Knight,0,0
SCAG,Fighter,Purple Dragon Knight (Banneret),SCAG.Fighter,SCAG.Fighter.Purple Dragon Knight (Banneret),Fighter.Purple Dragon Knight (Banneret),0,0
TCE,Fighter,Psi Warrior,TCE.Fighter,TCE.Fighter.Psi Warrior,Fighter.Psi Warrior,0,0
TCE,Fighter,Rune Knight,TCE.Fighter,TCE.Fighter.Rune Knight,Fighter.Rune Knight,0,0
VSS,Fighter,Bone Knight,VSS.Fighter,VSS.Fighter.Bone Knight,Fighter.Bone Knight,0,0
VSS,Fighter,Brawler,VSS.Fighter,VSS.Fighter.Brawler,Fighter.Brawler,0,0
VSS,Fighter,Celestial Lancer,VSS.Fighter,VSS.Fighter.Celestial Lancer,Fighter.Celestial Lancer,0,0
VSS,Fighter,Corsair,VSS.Fighter,VSS.Fighter.Corsair,Fighter.Corsair,0,0
VSS,Fighter,Dungeoneer,VSS.Fighter,VSS.Fighter.Dungeoneer,Fighter.Dungeoneer,0,0
VSS,Fighter,Mage Hand Magus,VSS.Fighter,VSS.Fighter.Mage Hand Magus,Fighter.Mage Hand Magus,0,0
XGE,Fighter,Arcane Archer,XGE.Fighter,XGE.Fighter.Arcane Archer,Fighter.Arcane Archer,0,0
XGE,Fighter,Cavalier,XGE.Fighter,XGE.Fighter.Cavalier,Fighter.Cavalier,0,0
XGE,Fighter,Samurai,XGE.Fighter,XGE.Fighter.Samurai,Fighter.Samurai,0,0
CR,Fighter,Gunslinger,CR.Fighter,CR.Fighter.Gunslinger,Fighter.Gunslinger,0,0
VSS,Gunslinger,,VSS.Gunslinger,VSS.Gunslinger,Gunslinger,0,0
VSS,Gunslinger,Gun Tank,VSS.Gunslinger,VSS.Gunslinger.Gun Tank,Gunslinger.Gun Tank,0,0
VSS,Gunslinger,Gun-Ko Master,VSS.Gunslinger,VSS.Gunslinger.Gun-Ko Master,Gunslinger.Gun-Ko Master,0,0
VSS,Gunslinger,High Roller,VSS.Gunslinger,VSS.Gunslinger.High Roller,Gunslinger.High Roller,0,0
VSS,Gunslinger,Musketeer,VSS.Gunslinger,VSS.Gunslinger.Musketeer,Gunslinger.Musketeer,0,0
VSS,Gunslinger,Pistolero,VSS.Gunslinger,VSS.Gunslinger.Pistolero,Gunslinger.Pistolero,0,0
VSS,Gunslinger,Sharpshooter,VSS.Gunslinger,VSS.Gunslinger.Sharpshooter,Gunslinger.Sharpshooter,0,0
VSS,Gunslinger,Spellslinger,VSS.Gunslinger,VSS.Gunslinger.Spellslinger,Gunslinger.Spellslinger,0,0
VSS,Gunslinger,Trick Shot,VSS.Gunslinger,VSS.Gunslinger.Trick Shot,Gunslinger.Trick Shot,0,0
VSS,Gunslinger,White Hat,VSS.Gunslinger,VSS.Gunslinger.White Hat,Gunslinger.White Hat,0,0
VSS,Investigator,,VSS.Investigator,VSS.Investigator,Investigator,0,0
VSS,Investigator,Antiquarian,VSS.Investigator,VSS.Investigator.Antiquarian,Investigator.Antiquarian,0,0
VSS,Investigator,Archivist,VSS.Investigator,VSS.Investigator.Archivist,Investigator.Archivist,0,0
VSS,Investigator,Detective,VSS.Investigator,VSS.Investigator.Detective,Investigator.Detective,0,0
VSS,Investigator,Exterminator,VSS.Investigator,VSS.Investigator.Exterminator,Investigator.Exterminator,0,0
VSS,Investigator,Inquisitor,VSS.Investigator,VSS.Investigator.Inquisitor,Investigator.Inquisitor,0,0
VSS,Investigator,Medium,VSS.Investigator,VSS.Investigator.Medium,Investigator.Medium,0,0
VSS,Investigator,Occultist,VSS.Investigator,VSS.Investigator.Occultist,Investigator.Occultist,0,0
VSS,Investigator,Spy,VSS.Investigator,VSS.Investigator.Spy,Investigator.Spy,0,0
VSS,Martyr,,VSS.Martyr,VSS.Martyr,Martyr,0,0
VSS,Martyr,Burden of Atonement,VSS.Martyr,VSS.Martyr.Burden of Atonement,Martyr.Burden of Atonement,0,0
VSS,Martyr,Burden of Discord,VSS.Martyr,VSS.Martyr.Burden of Discord,Martyr.Burden of Discord,0,0
VSS,Martyr,Burden of Mercy,VSS.Martyr,VSS.Martyr.Burden of Mercy,Martyr.Burden of Mercy,0,0
VSS,Martyr,Burden of Rebirth,VSS.Martyr,VSS.Martyr.Burden of Rebirth,Martyr.Burden of Rebirth,0,0
VSS,Martyr,Burden of Revolution,VSS.Martyr,VSS.Martyr.Burden of Revolution,Martyr.Burden of Revolution,0,0
VSS,Martyr,Burden of the End,VSS.Martyr,VSS.Martyr.Burden of the End,Martyr.Burden of the End,0,0
VSS,Martyr,Burden of Truth,VSS.Martyr,VSS.Martyr.Burden of Truth,Martyr.Burden of Truth,0,0
VSS,Martyr,Burden of Tyranny,VSS.Martyr,VSS.Martyr.Burden of Tyranny,Martyr.Burden of Tyranny,0,0
PHB,Monk,,PHB.Monk,PHB.Monk,Monk,0,0
FTD,Monk,Way of the Ascendant Dragon,FTD.Monk,FTD.Monk.Way of the Ascendant Dragon,Monk.Way of the Ascendant Dragon,0,0
PHB,Monk,Way of Shadow,PHB.Monk,PHB.Monk.Way of Shadow,Monk.Way of Shadow,0,0
PHB,Monk,Way of the Four Elements,PHB.Monk,PHB.Monk.Way of the Four Elements,Monk.Way of the Four Elements,0,0
PHB,Monk,Way of the Open Hand,PHB.Monk,PHB.Monk.Way of the Open Hand,Monk.Way of the Open Hand,0,0
CR,Monk,Way of the Cobalt Soul,CR.Monk,CR.Monk.Way of the Cobalt Soul,Monk.Way of the Cobalt Soul,0,0
SCAG,Monk,Way of the Long Death,SCAG.Monk,SCAG.Monk.Way of the Long Death,Monk.Way of the Long Death,0,0
TCE,Monk,Way of Mercy,TCE.Monk,TCE.Monk.Way of Mercy,Monk.Way of Mercy,0,0
TCE,Monk,Way of the Astral Self,TCE.Monk,TCE.Monk.Way of the Astral Self,Monk.Way of the Astral Self,0,0
VSS,Monk,Way of Street Fighting,VSS.Monk,VSS.Monk.Way of Street Fighting,Monk.Way of Street Fighting,0,0
VSS,Monk,Way of the Bow,VSS.Monk,VSS.Monk.Way of the Bow,Monk.Way of the Bow,0,0
VSS,Monk,Way of the Flagellant,VSS.Monk,VSS.Monk.Way of the Flagellant,Monk.Way of the Flagellant,0,0
VSS,Monk,Way of the Four Fists,VSS.Monk,VSS.Monk.Way of the Four Fists,Monk.Way of the Four Fists,0,0
VSS,Monk,Way of the Mask,VSS.Monk,VSS.Monk.Way of the Mask,Monk.Way of the Mask,0,0
VSS,Monk,Way of the Rose,VSS.Monk,VSS.Monk.Way of the Rose,Monk.Way of the Rose,0,0
XGE,Monk,Way of the Drunken Master,XGE.Monk,XGE.Monk.Way of the Drunken Master,Monk.Way of the Drunken Master,0,0
XGE,Monk,Way of the Kensei,XGE.Monk,XGE.Monk.Way of the Kensei,Monk.Way of the Kensei,0,0
XGE,Monk,Way of the Sun Soul,XGE.Monk,XGE.Monk.Way of the Sun Soul,Monk.Way of the Sun Soul,0,0
UAMy,Mystic,,UAMy.Mystic,UAMy.Mystic,Mystic,0,0
UAMy,Mystic,Order of the Avatar,UAMy.Mystic,UAMy.Mystic.Order of the Avatar,Mystic.Order of the Avatar,0,0
UAMy,Mystic,Order of the Awakened,UAMy.Mystic,UAMy.Mystic.Order of the Awakened,Mystic.Order of the Awakened,0,0
UAMy,Mystic,Order of the Immortal,UAMy.Mystic,UAMy.Mystic.Order of the Immortal,Mystic.Order of the Immortal,0,0
UAMy,Mystic,Order of the Nomad,UAMy.Mystic,UAMy.Mystic.Order of the Nomad,Mystic.Order of the Nomad,0,0
UAMy,Mystic,Order of the Soul Knife,UAMy.Mystic,UAMy.Mystic.Order of the Soul Knife,Mystic.Order of the Soul Knife,0,0
UAMy,Mystic,Order of the Wu Jen,UAMy.Mystic,UAMy.Mystic.Order of the Wu Jen,Mystic.Order of the Wu Jen,0,0
VSS,Necromancer,,VSS.Necromancer,VSS.Necromancer,Necromancer,0,0
VSS,Necromancer,Blood Ascendent,VSS.Necromancer,VSS.Necromancer.Blood Ascendent,Necromancer.Blood Ascendent,0,0
VSS,Necromancer,Death Knight,VSS.Necromancer,VSS.Necromancer.Death Knight,Necromancer.Death Knight,0,0
VSS,Necromancer,Overlord,VSS.Necromancer,VSS.Necromancer.Overlord,Necromancer.Overlord,0,0
VSS,Necromancer,Pale Master,VSS.Necromancer,VSS.Necromancer.Pale Master,Necromancer.Pale Master,0,0
VSS,Necromancer,Pharaoh,VSS.Necromancer,VSS.Necromancer.Pharaoh,Necromancer.Pharaoh,0,0
VSS,Necromancer,Plague Lord,VSS.Necromancer,VSS.Necromancer.Plague Lord,Necromancer.Plague Lord,0,0
VSS,Necromancer,Reanimator,VSS.Necromancer,VSS.Necromancer.Reanimator,Necromancer.Reanimator,0,0
VSS,Necromancer,Reaper,VSS.Necromancer,VSS.Necromancer.Reaper,Necromancer.Reaper,0,0
PHB,Paladin,,PHB.Paladin,PHB.Paladin,Paladin,0,0
DMG,Paladin,Oathbreaker,DMG.Paladin,DMG.Paladin.Oathbreaker,Paladin.Oathbreaker,0,0
PHB,Paladin,Oath of Devotion,PHB.Paladin,PHB.Paladin.Oath of Devotion,Paladin.Oath of Devotion,0,0
PHB,Paladin,Oath of the Ancients,PHB.Paladin,PHB.Paladin.Oath of the Ancients,Paladin.Oath of the Ancients,0,0
PHB,Paladin,Oath of Vengeance,PHB.Paladin,PHB.Paladin.Oath of Vengeance,Paladin.Oath of Vengeance,0,0
CR,Paladin,Oath of the Open Sea,CR.Paladin,CR.Paladin.Oath of the Open Sea,Paladin.Oath of the Open Sea,0,0
SCAG,Paladin,Oath of the Crown,SCAG.Paladin,SCAG.Paladin.Oath of the Crown,Paladin.Oath of the Crown,0,0
TCE,Paladin,Oath of Glory,TCE.Paladin,TCE.Paladin.Oath of Glory,Paladin.Oath of Glory,0,0
TCE,Paladin,Oath of the Watchers,TCE.Paladin,TCE.Paladin.Oath of the Watchers,Paladin.Oath of the Watchers,0,0
VSS,Paladin,Oath of Eternal Night,VSS.Paladin,VSS.Paladin.Oath of Eternal Night,Paladin.Oath of Eternal Night,0,0
VSS,Paladin,Oath of Heresy,VSS.Paladin,VSS.Paladin.Oath of Heresy,Paladin.Oath of Heresy,0,0
VSS,Paladin,Oath of Revelry,VSS.Paladin,VSS.Paladin.Oath of Revelry,Paladin.Oath of Revelry,0,0
VSS,Paladin,Oath of Storms,VSS.Paladin,VSS.Paladin.Oath of Storms,Paladin.Oath of Storms,0,0
VSS,Paladin,Oath of the Sun,VSS.Paladin,VSS.Paladin.Oath of the Sun,Paladin.Oath of the Sun,0,0
VSS,Paladin,Oath of Winter,VSS.Paladin,VSS.Paladin.Oath of Winter,Paladin.Oath of Winter,0,0
XGE,Paladin,Oath of Conquest,XGE.Paladin,XGE.Paladin.Oath of Conquest,Paladin.Oath of Conquest,0,0
XGE,Paladin,Oath of Redemption,XGE.Paladin,XGE.Paladin.Oath of Redemption,Paladin.Oath of Redemption,0,0
PHB,Ranger,,PHB.Ranger,PHB.Ranger,Ranger,0,0
FTD,Ranger,Drakewarden,FTD.Ranger,FTD.Ranger.Drakewarden,Ranger.Drakewarden,0,0
PHB,Ranger,Beast Master,PHB.Ranger,PHB.Ranger.Beast Master,Ranger.Beast Master,0,0
PHB,Ranger,Hunter,PHB.Ranger,PHB.Ranger.Hunter,Ranger.Hunter,0,0
TCE,Ranger,Fey Wanderer,TCE.Ranger,TCE.Ranger.Fey Wanderer,Ranger.Fey Wanderer,0,0
TCE,Ranger,Swarmkeeper,TCE.Ranger,TCE.Ranger.Swarmkeeper,Ranger.Swarmkeeper,0,0
VSS,Ranger,Beastborne,VSS.Ranger,VSS.Ranger.Beastborne,Ranger.Beastborne,0,0
VSS,Ranger,Freerunner,VSS.Ranger,VSS.Ranger.Freerunner,Ranger.Freerunner,0,0
VSS,Ranger,Highwayman,VSS.Ranger,VSS.Ranger.Highwayman,Ranger.Highwayman,0,0
VSS,Ranger,Spellbreaker,VSS.Ranger,VSS.Ranger.Spellbreaker,Ranger.Spellbreaker,0,0
VSS,Ranger,Trophy Hunter,VSS.Ranger,VSS.Ranger.Trophy Hunter,Ranger.Trophy Hunter,0,0
VSS,Ranger,Vigilante,VSS.Ranger,VSS.Ranger.Vigilante,Ranger.Vigilante,0,0
XGE,Ranger,Gloom Stalker,XGE.Ranger,XGE.Ranger.Gloom Stalker,Ranger.Gloom Stalker,0,0
XGE,Ranger,Horizon Walker,XGE.Ranger,XGE.Ranger.Horizon Walker,Ranger.Horizon Walker,0,0
XGE,Ranger,Monster Slayer,XGE.Ranger,XGE.Ranger.Monster Slayer,Ranger.Monster Slayer,0,0
PHB,Rogue,,PHB.Rogue,PHB.Rogue,Rogue,0,0
PHB,Rogue,Arcane Trickster,PHB.Rogue,PHB.Rogue.Arcane Trickster,Rogue.Arcane Trickster,0,0
PHB,Rogue,Assassin,PHB.Rogue,PHB.Rogue.Assassin,Rogue.Assassin,0,0
PHB,Rogue,Thief,PHB.Rogue,PHB.Rogue.Thief,Rogue.Thief,0,0
TCE,Rogue,Phantom,TCE.Rogue,TCE.Rogue.Phantom,Rogue.Phantom,0,0
TCE,Rogue,Soulknife,TCE.Rogue,TCE.Rogue.Soulknife,Rogue.Soulknife,0,0
VSS,Rogue,Arachnoid Stalker,VSS.Rogue,VSS.Rogue.Arachnoid Stalker,Rogue.Arachnoid Stalker,0,0
VSS,Rogue,Enforcer,VSS.Rogue,VSS.Rogue.Enforcer,Rogue.Enforcer,0,0
VSS,Rogue,Grifter,VSS.Rogue,VSS.Rogue.Grifter,Rogue.Grifter,0,0
VSS,Rogue,Shadow Master,VSS.Rogue,VSS.Rogue.Shadow Master,Rogue.Shadow Master,0,0
VSS,Rogue,Temporal Trickster,VSS.Rogue,VSS.Rogue.Temporal Trickster,Rogue.Temporal Trickster,0,0
VSS,Rogue,Titan Slayer,VSS.Rogue,VSS.Rogue.Titan Slayer,Rogue.Titan Slayer,0,0
XGE,Rogue,Inquisitive,XGE.Rogue,XGE.Rogue.Inquisitive,Rogue.Inquisitive,0,0
XGE,Rogue,Mastermind,XGE.Rogue,XGE.Rogue.Mastermind,Rogue.Mastermind,0,0
XGE,Rogue,Scout,XGE.Rogue,XGE.Rogue.Scout,Rogue.Scout,0,0
XGE,Rogue,Swashbuckler,XGE.Rogue,XGE.Rogue.Swashbuckler,Rogue.Swashbuckler,0,0
HB,Rogue,Kinslayer,HB.Rogue,HB.Rogue.Kinslayer,Rogue.Kinslayer,0,0
PHB,Sorcerer,,PHB.Sorcerer,PHB.Sorcerer,Sorcerer,0,0
PHB,Sorcerer,Draconic Bloodline,PHB.Sorcerer,PHB.Sorcerer.Draconic Bloodline,Sorcerer.Draconic Bloodline,0,0
PHB,Sorcerer,Wild Magic,PHB.Sorcerer,PHB.Sorcerer.Wild Magic,Sorcerer.Wild Magic,0,0
CR,Sorcerer,Runechild,CR.Sorcerer,CR.Sorcerer.Runechild,Sorcerer.Runechild,0,0
TCE,Sorcerer,Aberrant Mind,TCE.Sorcerer,TCE.Sorcerer.Aberrant Mind,Sorcerer.Aberrant Mind,0,0
TCE,Sorcerer,Clockwork Soul,TCE.Sorcerer,TCE.Sorcerer.Clockwork Soul,Sorcerer.Clockwork Soul,0,0
VSS,Sorcerer,Emotion Lord,VSS.Sorcerer,VSS.Sorcerer.Emotion Lord,Sorcerer.Emotion Lord,0,0
VSS,Sorcerer,Mirrorkin,VSS.Sorcerer,VSS.Sorcerer.Mirrorkin,Sorcerer.Mirrorkin,0,0
VSS,Sorcerer,Oozemaster,VSS.Sorcerer,VSS.Sorcerer.Oozemaster,Sorcerer.Oozemaster,0,0
VSS,Sorcerer,Reincarnated Hero,VSS.Sorcerer,VSS.Sorcerer.Reincarnated Hero,Sorcerer.Reincarnated Hero,0,0
VSS,Sorcerer,Spiritborn,VSS.Sorcerer,VSS.Sorcerer.Spiritborn,Sorcerer.Spiritborn,0,0
VSS,Sorcerer,Toon Magic,VSS.Sorcerer,VSS.Sorcerer.Toon Magic,Sorcerer.Toon Magic,0,0
XGE,Sorcerer,Divine Soul,XGE.Sorcerer,XGE.Sorcerer.Divine Soul,Sorcerer.Divine Soul,0,0
XGE,Sorcerer,Shadow Magic,XGE.Sorcerer,XGE.Sorcerer.Shadow Magic,Sorcerer.Shadow Magic,0,0
XGE,Sorcerer,Storm Sorcery,XGE.Sorcerer,XGE.Sorcerer.Storm Sorcery,Sorcerer.Storm Sorcery,0,0
HB,Vessel,,HB.Vessel,HB.Vessel,Vessel,0,0
HB,Vessel,Altered Mage,HB.Vessel,HB.Vessel.Altered Mage,Vessel.Altered Mage,0,0
HB,Vessel,Primal Curse,HB.Vessel,HB.Vessel.Primal Curse,Vessel.Primal Curse,0,0
HB,Vessel,Unhinged Alchemist,HB.Vessel,HB.Vessel.Unhinged Alchemist,Vessel.Unhinged Alchemist,0,0
VSS,Warden,,VSS.Warden,VSS.Warden,Warden,0,0
VSS,Warden,Bloodwrath Guardian,VSS.Warden,VSS.Warden.Bloodwrath Guardian,Warden.Bloodwrath Guardian,0,0
VSS,Warden,Grey Watchman,VSS.Warden,VSS.Warden.Grey Watchman,Warden.Grey Watchman,0,0
VSS,Warden,Nightgaunt,VSS.Warden,VSS.Warden.Nightgaunt,Warden.Nightgaunt,0,0
VSS,Warden,Soulblood Shaman,VSS.Warden,VSS.Warden.Soulblood Shaman,Warden.Soulblood Shaman,0,0
VSS,Warden,Stoneheart Defender,VSS.Warden,VSS.Warden.Stoneheart Defender,Warden.Stoneheart Defender,0,0
VSS,Warden,Storm Sentinel,VSS.Warden,VSS.Warden.Storm Sentinel,Warden.Storm Sentinel,0,0
VSS,Warden,Verdant Protector,VSS.Warden,VSS.Warden.Verdant Protector,Warden.Verdant Protector,0,0
PHB,Warlock,,PHB.Warlock,PHB.Warlock,Warlock,0,0
PHB,Warlock,The Archfey,PHB.Warlock,PHB.Warlock.The Archfey,Warlock.The Archfey,0,0
PHB,Warlock,The Fiend,PHB.Warlock,PHB.Warlock.The Fiend,Warlock.The Fiend,0,0
PHB,Warlock,The Great Old One,PHB.Warlock,PHB.Warlock.The Great Old One,Warlock.The Great Old One,0,0
SCAG,Warlock,The Undying,SCAG.Warlock,SCAG.Warlock.The Undying,Warlock.The Undying,0,0
TCE,Warlock,The Fathomless,TCE.Warlock,TCE.Warlock.The Fathomless,Warlock.The Fathomless,0,0
TCE,Warlock,The Genie,TCE.Warlock,TCE.Warlock.The Genie,Warlock.The Genie,0,0
VRGR,Warlock,The Undead,VRGR.Warlock,VRGR.Warlock.The Undead,Warlock.The Undead,0,0
VSS,Warlock,The Dead Mists,VSS.Warlock,VSS.Warlock.The Dead Mists,Warlock.The Dead Mists,0,0
VSS,Warlock,The Future You,VSS.Warlock,VSS.Warlock.The Future You,Warlock.The Future You,0,0
VSS,Warlock,The GM,VSS.Warlock,VSS.Warlock.The GM,Warlock.The GM,0,0
VSS,Warlock,The Legacy,VSS.Warlock,VSS.Warlock.The Legacy,Warlock.The Legacy,0,0
VSS,Warlock,The Magician,VSS.Warlock,VSS.Warlock.The Magician,Warlock.The Magician,0,0
VSS,Warlock,The Symbiont,VSS.Warlock,VSS.Warlock.The Symbiont,Warlock.The Symbiont,0,0
XGE,Warlock,The Celestial,XGE.Warlock,XGE.Warlock.The Celestial,Warlock.The Celestial,0,0
XGE,Warlock,The Hexblade,XGE.Warlock,XGE.Warlock.The Hexblade,Warlock.The Hexblade,0,0
VSS,Warmage,,VSS.Warmage,VSS.Warmage,Warmage,0,0
VSS,Warmage,House of Bishops,VSS.Warmage,VSS.Warmage.House of Bishops,Warmage.House of Bishops,0,0
VSS,Warmage,House of Cards,VSS.Warmage,VSS.Warmage.House of Cards,Warmage.House of Cards,0,0
VSS,Warmage,House of Dice,VSS.Warmage,VSS.Warmage.House of Dice,Warmage.House of Dice,0,0
VSS,Warmage,House of Kings,VSS.Warmage,VSS.Warmage.House of Kings,Warmage.House of Kings,0,0
VSS,Warmage,House of Knights,VSS.Warmage,VSS.Warmage.House of Knights,Warmage.House of Knights,0,0
VSS,Warmage,House of Lancers,VSS.Warmage,VSS.Warmage.House of Lancers,Warmage.House of Lancers,0,0
VSS,Warmage,House of Pawns,VSS.Warmage,VSS.Warmage.House of Pawns,Warmage.House of Pawns,0,0
VSS,Warmage,House of Rooks,VSS.Warmage,VSS.Warmage.House of Rooks,Warmage.House of Rooks,0,0
VSS,Witch,,VSS.Witch,VSS.Witch,Witch,0,0
VSS,Witch,Black Magic,VSS.Witch,VSS.Witch.Black Magic,Witch.Black Magic,0,0
VSS,Witch,Blood Magic,VSS.Witch,VSS.Witch.Blood Magic,Witch.Blood Magic,0,0
VSS,Witch,Green Magic,VSS.Witch,VSS.Witch.Green Magic,Witch.Green Magic,0,0
VSS,Witch,Purple Magic,VSS.Witch,VSS.Witch.Purple Magic,Witch.Purple Magic,0,0
VSS,Witch,Red Magic,VSS.Witch,VSS.Witch.Red Magic,Witch.Red Magic,0,0
VSS,Witch,Steel Magic,VSS.Witch,VSS.Witch.Steel Magic,Witch.Steel Magic,0,0
VSS,Witch,Tea Magic,VSS.Witch,VSS.Witch.Tea Magic,Witch.Tea Magic,0,0
VSS,Witch,Technicolor Magic,VSS.Witch,VSS.Witch.Technicolor Magic,Witch.Technicolor Magic,0,0
VSS,Witch,White Magic,VSS.Witch,VSS.Witch.White Magic,Witch.White Magic,0,0
PHB,Wizard,,PHB.Wizard,PHB.Wizard,Wizard,0,0
EGW,Wizard,Chronurgy Magic,EGW.Wizard,EGW.Wizard.Chronurgy Magic,Wizard.Chronurgy Magic,0,0
EGW,Wizard,Graviturgy Magic,EGW.Wizard,EGW.Wizard.Graviturgy Magic,Wizard.Graviturgy Magic,0,0
PHB,Wizard,School of Abjuration,PHB.Wizard,PHB.Wizard.School of Abjuration,Wizard.School of Abjuration,0,0
PHB,Wizard,School of Conjuration,PHB.Wizard,PHB.Wizard.School of Conjuration,Wizard.School of Conjuration,0,0
PHB,Wizard,School of Divination,PHB.Wizard,PHB.Wizard.School of Divination,Wizard.School of Divination,0,0
PHB,Wizard,School of Enchantment,PHB.Wizard,PHB.Wizard.School of Enchantment,Wizard.School of Enchantment,0,0
PHB,Wizard,School of Evocation,PHB.Wizard,PHB.Wizard.School of Evocation,Wizard.School of Evocation,0,0
PHB,Wizard,School of Illusion,PHB.Wizard,PHB.Wizard.School of Illusion,Wizard.School of Illusion,0,0
PHB,Wizard,School of Necromancy,PHB.Wizard,PHB.Wizard.School of Necromancy,Wizard.School of Necromancy,0,0
PHB,Wizard,School of Transmutation,PHB.Wizard,PHB.Wizard.School of Transmutation,Wizard.School of Transmutation,0,0
CR,Wizard,Blood Magic,CR.Wizard,CR.Wizard.Blood Magic,Wizard.Blood Magic,0,0
TCE,Wizard,Bladesinging,TCE.Wizard,TCE.Wizard.Bladesinging,Wizard.Bladesinging,0,0
TCE,Wizard,Order of Scribes,TCE.Wizard,TCE.Wizard.Order of Scribes,Wizard.Order of Scribes,0,0
VSS,Wizard,Familiar Master,VSS.Wizard,VSS.Wizard.Familiar Master,Wizard.Familiar Master,0,0
VSS,Wizard,Magic Missile Mage,VSS.Wizard,VSS.Wizard.Magic Missile Mage,Wizard.Magic Missile Mage,0,0
VSS,Wizard,Mystic Savant,VSS.Wizard,VSS.Wizard.Mystic Savant,Wizard.Mystic Savant,0,0
VSS,Wizard,School of Chronomancy,VSS.Wizard,VSS.Wizard.School of Chronomancy,Wizard.School of Chronomancy,0,0
VSS,Wizard,School of Gastronomy,VSS.Wizard,VSS.Wizard.School of Gastronomy,Wizard.School of Gastronomy,0,0
VSS,Wizard,School of Somnomancy,VSS.Wizard,VSS.Wizard.School of Somnomancy,Wizard.School of Somnomancy,0,0
XGE,Wizard,War Magic,XGE.Wizard,XGE.Wizard.War Magic,Wizard.War Magic,0,0
GH:PG,Barbarian,Path of the Fractured,GH:PG.Barbarian,GH:PG.Barbarian.Path of the Fractured,Barbarian.Path of the Fractured,0,0
GH:PG,Barbarian,Path of the Primal Spirit,GH:PG.Barbarian,GH:PG.Barbarian.Path of the Primal Spirit,Barbarian.Path of the Primal Spirit,0,0
GH:PG,Bard,College of Adventurers,GH:PG.Bard,GH:PG.Bard.College of Adventurers,Bard.College of Adventurers,0,0
GH:PG,Bard,College of Requiems,GH:PG.Bard,GH:PG.Bard.College of Requiems,Bard.College of Requiems,0,0
GH:PG,Cleric,Eldritch Domain,GH:PG.Cleric,GH:PG.Cleric.Eldritch Domain,Cleric.Eldritch Domain,0,0
GH:PG,Cleric,Inquisition Domain,GH:PG.Cleric,GH:PG.Cleric.Inquisition Domain,Cleric.Inquisition Domain,0,0
GH:PG,Druid,Circle of Blood,GH:PG.Druid,GH:PG.Druid.Circle of Blood,Druid.Circle of Blood,0,0
GH:PG,Druid,Circle of Mutation,GH:PG.Druid,GH:PG.Druid.Circle of Mutation,Druid.Circle of Mutation,0,0
GH:PG,Fighter,Living Crucible,GH:PG.Fighter,GH:PG.Fighter.Living Crucible,Fighter.Living Crucible,0,0
GH:PG,Fighter,The Bulwark Warrior,GH:PG.Fighter,GH:PG.Fighter.The Bulwark Warrior,Fighter.The Bulwark Warrior,0,0
GH:PG,Monk,Way of Pride,GH:PG.Monk,GH:PG.Monk.Way of Pride,Monk.Way of Pride,0,0
GH:PG,Monk,Way of the Leaden Crown,GH:PG.Monk,GH:PG.Monk.Way of the Leaden Crown,Monk.Way of the Leaden Crown,0,0
GH:PG,Paladin,Oath of Pestilence,GH:PG.Paladin,GH:PG.Paladin.Oath of Pestilence,Paladin.Oath of Pestilence,0,0
GH:PG,Paladin,Oath of Zeal,GH:PG.Paladin,GH:PG.Paladin.Oath of Zeal,Paladin.Oath of Zeal,0,0
GH:PG,Ranger,Green Reaper,GH:PG.Ranger,GH:PG.Ranger.Green Reaper,Ranger.Green Reaper,0,0
GH:PG,Ranger,Vermin Lord,GH:PG.Ranger,GH:PG.Ranger.Vermin Lord,Ranger.Vermin Lord,0,0
GH:PG,Rogue,Highway Rider,GH:PG.Rogue,GH:PG.Rogue.Highway Rider,Rogue.Highway Rider,0,0
GH:PG,Rogue,Misfortune Bringer,GH:PG.Rogue,GH:PG.Rogue.Misfortune Bringer,Rogue.Misfortune Bringer,0,0
GH:PG,Sorcerer,Haunted,GH:PG.Sorcerer,GH:PG.Sorcerer.Haunted,Sorcerer.Haunted,0,0
GH:PG,Sorcerer,Wretched Bloodline,GH:PG.Sorcerer,GH:PG.Sorcerer.Wretched Bloodline,Sorcerer.Wretched Bloodline,0,0
GH:PG,Warlock,The First Vampire,GH:PG.Warlock,GH:PG.Warlock.The First Vampire,Warlock.The First Vampire,0,0
GH:PG,Warlock,The Parasite,GH:PG.Warlock,GH:PG.Warlock.The Parasite,Warlock.The Parasite,0,0
GH:PG,Wizard,Plague Doctor,GH:PG.Wizard,GH:PG.Wizard.Plague Doctor,Wizard.Plague Doctor,0,0
GH:PG,Wizard,School of Sangromancy,GH:PG.Wizard,GH:PG.Wizard.School of Sangromancy,Wizard.School of Sangromancy,0,0
HB,Cleric,Garlic Bread Domain,HB.Cleric,HB.Cleric.Garlic Bread Domain,Cleric.Garlic Bread Domain,0,0
FFXIV5E,Arcanist,,FFXIV5E.Arcanist,FFXIV5E.Arcanist,Arcanist,0,0
FFXIV5E,Arcanist,Nymian Scholar,FFXIV5E.Arcanist,FFXIV5E.Arcanist.Nymian Scholar,Arcanist.Nymian Scholar,0,0
FFXIV5E,Arcanist,Summoner,FFXIV5E.Arcanist,FFXIV5E.Arcanist.Summoner,Arcanist.Summoner,0,0
FFXIV5E,Arcanist,Tactician,FFXIV5E.Arcanist,FFXIV5E.Arcanist.Tactician,Arcanist.Tactician,0,0
FFXIV5E,Astrologian,,FFXIV5E.Astrologian,FFXIV5E.Astrologian,Astrologian,0,0
FFXIV5E,Astrologian,Diurnal Sect,FFXIV5E.Astrologian,FFXIV5E.Astrologian.Diurnal Sect,Astrologian.Diurnal Sect,0,0
FFXIV5E,Astrologian,Fortuneteller,FFXIV5E.Astrologian,FFXIV5E.Astrologian.Fortuneteller,Astrologian.Fortuneteller,0,0
FFXIV5E,Astrologian,Nocturnal Sect,FFXIV5E.Astrologian,FFXIV5E.Astrologian.Nocturnal Sect,Astrologian.Nocturnal Sect,0,0
FFXIV5E,Bard,College of the Skysinger,FFXIV5E.Bard,FFXIV5E.Bard.College of the Skysinger,Bard.College of the Skysinger,0,0
FFXIV5E,Black Mage,,FFXIV5E.Black Mage,FFXIV5E.Black Mage,Black Mage,0,0
FFXIV5E,Black Mage,Enchanter,FFXIV5E.Black Mage,FFXIV5E.Black Mage.Enchanter,Black Mage.Enchanter,0,0
FFXIV5E,Black Mage,Mhachi,FFXIV5E.Black Mage,FFXIV5E.Black Mage.Mhachi,Black Mage.Mhachi,0,0
FFXIV5E,Black Mage,Void Mage,FFXIV5E.Black Mage,FFXIV5E.Black Mage.Void Mage,Black Mage.Void Mage,0,0
FFXIV5E,Blue Mage,,FFXIV5E.Blue Mage,FFXIV5E.Blue Mage,Blue Mage,0,0
FFXIV5E,Blue Mage,Fell Guard,FFXIV5E.Blue Mage,FFXIV5E.Blue Mage.Fell Guard,Blue Mage.Fell Guard,0,0
FFXIV5E,Blue Mage,Lore Keeper,FFXIV5E.Blue Mage,FFXIV5E.Blue Mage.Lore Keeper,Blue Mage.Lore Keeper,0,0
FFXIV5E,Blue Mage,Masked Carnevallian,FFXIV5E.Blue Mage,FFXIV5E.Blue Mage.Masked Carnevallian,Blue Mage.Masked Carnevallian,0,0
FFXIV5E,Dancer,,FFXIV5E.Dancer,FFXIV5E.Dancer,Dancer,0,0
FFXIV5E,Dancer,Exotic Wonder,FFXIV5E.Dancer,FFXIV5E.Dancer.Exotic Wonder,Dancer.Exotic Wonder,0,0
FFXIV5E,Dancer,Paragon,FFXIV5E.Dancer,FFXIV5E.Dancer.Paragon,Dancer.Paragon,0,0
FFXIV5E,Dancer,Peace Bringer,FFXIV5E.Dancer,FFXIV5E.Dancer.Peace Bringer,Dancer.Peace Bringer,0,0
FFXIV5E,Dark Knight,,FFXIV5E.Dark Knight,FFXIV5E.Dark Knight,Dark Knight,0,0
FFXIV5E,Dark Knight,Abyss Knight,FFXIV5E.Dark Knight,FFXIV5E.Dark Knight.Abyss Knight,Dark Knight.Abyss Knight,0,0
FFXIV5E,Dark Knight,Blackblood,FFXIV5E.Dark Knight,FFXIV5E.Dark Knight.Blackblood,Dark Knight.Blackblood,0,0
FFXIV5E,Dark Knight,Blackblood,FFXIV5E.Dark Knight,FFXIV5E.Dark Knight.Blackblood,Dark Knight.Blackblood,0,0
FFXIV5E,Dragoon,,FFXIV5E.Dragoon,FFXIV5E.Dragoon,Dragoon,0,0
FFXIV5E,Dragoon,Dragon Heart,FFXIV5E.Dragoon,FFXIV5E.Dragoon.Dragon Heart,Dragoon.Dragon Heart,0,0
FFXIV5E,Dragoon,Dragon Slayer,FFXIV5E.Dragoon,FFXIV5E.Dragoon.Dragon Slayer,Dragoon.Dragon Slayer,0,0
FFXIV5E,Dragoon,Valkyrie,FFXIV5E.Dragoon,FFXIV5E.Dragoon.Valkyrie,Dragoon.Valkyrie,0,0
FFXIV5E,Gunbreaker,,FFXIV5E.Gunbreaker,FFXIV5E.Gunbreaker,Gunbreaker,0,0
FFXIV5E,Gunbreaker,Breaker Style,FFXIV5E.Gunbreaker,FFXIV5E.Gunbreaker.Breaker Style,Gunbreaker.Breaker Style,0,0
FFXIV5E,Gunbreaker,Lionhart Style,FFXIV5E.Gunbreaker,FFXIV5E.Gunbreaker.Lionhart Style,Gunbreaker.Lionhart Style,0,0
FFXIV5E,Gunbreaker,Revolver Style,FFXIV5E.Gunbreaker,FFXIV5E.Gunbreaker.Revolver Style,Gunbreaker.Revolver Style,0,0
FFXIV5E,Machinist,,FFXIV5E.Machinist,FFXIV5E.Machinist,Machinist,0,0
FFXIV5E,Machinist,Grenadier,FFXIV5E.Machinist,FFXIV5E.Machinist.Grenadier,Machinist.Grenadier,0,0
FFXIV5E,Machinist,Marksman,FFXIV5E.Machinist,FFXIV5E.Machinist.Marksman,Machinist.Marksman,0,0
FFXIV5E,Machinist,Tinkerer,FFXIV5E.Machinist,FFXIV5E.Machinist.Tinkerer,Machinist.Tinkerer,0,0
FFXIV5E,Monk,Way of Rhalgr,FFXIV5E.Monk,FFXIV5E.Monk.Way of Rhalgr,Monk.Way of Rhalgr,0,0
FFXIV5E,Paladin,Oath of the Sultansworn,FFXIV5E.Paladin,FFXIV5E.Paladin.Oath of the Sultansworn,Paladin.Oath of the Sultansworn,0,0
FFXIV5E,Reaper,,FFXIV5E.Reaper,FFXIV5E.Reaper,Reaper,0,0
FFXIV5E,Reaper,Death's Blade,FFXIV5E.Reaper,FFXIV5E.Reaper.Death's Blade,Reaper.Death's Blade,0,0
FFXIV5E,Reaper,Doomsinger,FFXIV5E.Reaper,FFXIV5E.Reaper.Doomsinger,Reaper.Doomsinger,0,0
FFXIV5E,Reaper,Grim Keeper,FFXIV5E.Reaper,FFXIV5E.Reaper.Grim Keeper,Reaper.Grim Keeper,0,0
FFXIV5E,Red Mage,,FFXIV5E.Red Mage,FFXIV5E.Red Mage,Red Mage,0,0
FFXIV5E,Red Mage,Battle Rose,FFXIV5E.Red Mage,FFXIV5E.Red Mage.Battle Rose,Red Mage.Battle Rose,0,0
FFXIV5E,Red Mage,Spell Slinger,FFXIV5E.Red Mage,FFXIV5E.Red Mage.Spell Slinger,Red Mage.Spell Slinger,0,0
FFXIV5E,Red Mage,Sword Dancer,FFXIV5E.Red Mage,FFXIV5E.Red Mage.Sword Dancer,Red Mage.Sword Dancer,0,0
FFXIV5E,Rogue,Ninja,FFXIV5E.Rogue,FFXIV5E.Rogue.Ninja,Rogue.Ninja,0,0
FFXIV5E,Sage,,FFXIV5E.Sage,FFXIV5E.Sage,Sage,0,0
FFXIV5E,Sage,Erudite,FFXIV5E.Sage,FFXIV5E.Sage.Erudite,Sage.Erudite,0,0
FFXIV5E,Sage,Philosopher,FFXIV5E.Sage,FFXIV5E.Sage.Philosopher,Sage.Philosopher,0,0
FFXIV5E,Sage,Savant,FFXIV5E.Sage,FFXIV5E.Sage.Savant,Sage.Savant,0,0
FFXIV5E,Samurai,,FFXIV5E.Samurai,FFXIV5E.Samurai,Samurai,0,0
FFXIV5E,Samurai,The Blademaster,FFXIV5E.Samurai,FFXIV5E.Samurai.The Blademaster,Samurai.The Blademaster,0,0
FFXIV5E,Samurai,Iaijutsu Style,FFXIV5E.Samurai,FFXIV5E.Samurai.Iaijutsu Style,Samurai.Iaijutsu Style,0,0
FFXIV5E,Samurai,Ronin,FFXIV5E.Samurai,FFXIV5E.Samurai.Ronin,Samurai.Ronin,0,0
FFXIV5E,Warrior,,FFXIV5E.Warrior,FFXIV5E.Warrior,Warrior,0,0
FFXIV5E,Warrior,The Beast of Defiance,FFXIV5E.Warrior,FFXIV5E.Warrior.The Beast of Defiance,Warrior.The Beast of Defiance,0,0
FFXIV5E,Warrior,The Beast of Deliverance,FFXIV5E.Warrior,FFXIV5E.Warrior.The Beast of Deliverance,Warrior.The Beast of Deliverance,0,0
FFXIV5E,Warrior,The Marauder,FFXIV5E.Warrior,FFXIV5E.Warrior.The Marauder,Warrior.The Marauder,0,0
FFXIV5E,White Mage,,FFXIV5E.White Mage,FFXIV5E.White Mage,White Mage,0,0
FFXIV5E,White Mage,Ampdapori,FFXIV5E.White Mage,FFXIV5E.White Mage.Ampdapori,White Mage.Ampdapori,0,0
FFXIV5E,White Mage,Elementalist,FFXIV5E.White Mage,FFXIV5E.White Mage.Elementalist,White Mage.Elementalist,0,0
FFXIV5E,White Mage,Spirit Master,FFXIV5E.White Mage,FFXIV5E.White Mage.Spirit Master,White Mage.Spirit Master,0,0
CotD,Barbarian,Path of the Dragon,CotD.Barbarian,CotD.Barbarian.Path of the Dragon,Barbarian.Path of the Dragon,0,0
CotD,Bard,College of Playful Mockery,CotD.Bard,CotD.Bard.College of Playful Mockery,Bard.College of Playful Mockery,0,0
CotD,Cleric,Dragon Domain,CotD.Cleric,CotD.Cleric.Dragon Domain,Cleric.Dragon Domain,0,0
CotD,Cleric,Scalykind Domain,CotD.Cleric,CotD.Cleric.Scalykind Domain,Cleric.Scalykind Domain,0,0
CotD,Druid,Circle of the Dragon,CotD.Druid,CotD.Druid.Circle of the Dragon,Druid.Circle of the Dragon,0,0
CotD,Druid,Circle of the Savagery,CotD.Druid,CotD.Druid.Circle of the Savagery,Druid.Circle of the Savagery,0,0
CotD,Fighter,Purple Dragon Knight,CotD.Fighter,CotD.Fighter.Purple Dragon Knight,Fighter.Purple Dragon Knight,0,0
CotD,Fighter,Supply Specialist,CotD.Fighter,CotD.Fighter.Supply Specialist,Fighter.Supply Specialist,0,0
CotD,Monk,Way of the Dragon Turtle,CotD.Monk,CotD.Monk.Way of the Dragon Turtle,Monk.Way of the Dragon Turtle,0,0
CotD,Paladin,Oath of Draconic Majesty,CotD.Paladin,CotD.Paladin.Oath of Draconic Majesty,Paladin.Oath of Draconic Majesty,0,0
CotD,Rogue,Stormscale,CotD.Rogue,CotD.Rogue.Stormscale,Rogue.Stormscale,0,0
CotD,Sorcerer,"Draconic Bloodline, Revised",CotD.Sorcerer,"CotD.Sorcerer.Draconic Bloodline, Revised","Sorcerer.Draconic Bloodline, Revised",0,0
CotD,Warlock,The Dragon Student,CotD.Warlock,CotD.Warlock.The Dragon Student,Warlock.The Dragon Student,0,0
TEB,Barbarian,Path of the Quake Bringer,TEB.Barbarian,TEB.Barbarian.Path of the Quake Bringer,Barbarian.Path of the Quake Bringer,0,0
TEB,Barbarian,Path of the Sky Caller,TEB.Barbarian,TEB.Barbarian.Path of the Sky Caller,Barbarian.Path of the Sky Caller,0,0
TEB,Barbarian,Path of the Verdant Warden,TEB.Barbarian,TEB.Barbarian.Path of the Verdant Warden,Barbarian.Path of the Verdant Warden,0,0
TEB,Bard,College of Journeys,TEB.Bard,TEB.Bard.College of Journeys,Bard.College of Journeys,0,0
TEB,Cleric,Mountain Domain,TEB.Cleric,TEB.Cleric.Mountain Domain,Cleric.Mountain Domain,0,0
TEB,Cleric,Sea Domain,TEB.Cleric,TEB.Cleric.Sea Domain,Cleric.Sea Domain,0,0
TEB,Cleric,Travel Domain,TEB.Cleric,TEB.Cleric.Travel Domain,Cleric.Travel Domain,0,0
TEB,Cleric,Winter Domain,TEB.Cleric,TEB.Cleric.Winter Domain,Cleric.Winter Domain,0,0
TEB,Druid,Circle of the Land (TEB),TEB.Druid,TEB.Druid.Circle of the Land (TEB),Druid.Circle of the Land (TEB),0,0
TEB,Druid,Circle of the Land (TEB).Arctic,TEB.Druid,TEB.Druid.Circle of the Land (TEB).Arctic,Druid.Circle of the Land (TEB).Arctic,0,0
TEB,Druid,Circle of the Land (TEB).Coast,TEB.Druid,TEB.Druid.Circle of the Land (TEB).Coast,Druid.Circle of the Land (TEB).Coast,0,0
TEB,Druid,Circle of the Land (TEB).Desert,TEB.Druid,TEB.Druid.Circle of the Land (TEB).Desert,Druid.Circle of the Land (TEB).Desert,0,0
TEB,Druid,Circle of the Land (TEB).Forest,TEB.Druid,TEB.Druid.Circle of the Land (TEB).Forest,Druid.Circle of the Land (TEB).Forest,0,0
TEB,Druid,Circle of the Land (TEB).Grassland,TEB.Druid,TEB.Druid.Circle of the Land (TEB).Grassland,Druid.Circle of the Land (TEB).Grassland,0,0
TEB,Druid,Circle of the Land (TEB).Mountain,TEB.Druid,TEB.Druid.Circle of the Land (TEB).Mountain,Druid.Circle of the Land (TEB).Mountain,0,0
TEB,Druid,Circle of the Land (TEB).Swamp,TEB.Druid,TEB.Druid.Circle of the Land (TEB).Swamp,Druid.Circle of the Land (TEB).Swamp,0,0
TEB,Druid,Circle of the Land (TEB).Underdark,TEB.Druid,TEB.Druid.Circle of the Land (TEB).Underdark,Druid.Circle of the Land (TEB).Underdark,0,0
TEB,Druid,Circle of Seeds,TEB.Druid,TEB.Druid.Circle of Seeds,Druid.Circle of Seeds,0,0
TEB,Druid,Circle of Storms,TEB.Druid,TEB.Druid.Circle of Storms,Druid.Circle of Storms,0,0
TEB,Fighter,Flame Dancer,TEB.Fighter,TEB.Fighter.Flame Dancer,Fighter.Flame Dancer,0,0
TEB,Fighter,Wind Knight,TEB.Fighter,TEB.Fighter.Wind Knight,Fighter.Wind Knight,0,0
TEB,Monk,Way of the Flying Fist,TEB.Monk,TEB.Monk.Way of the Flying Fist,Monk.Way of the Flying Fist,0,0
TEB,Paladin,Oath of Dynamism,TEB.Paladin,TEB.Paladin.Oath of Dynamism,Paladin.Oath of Dynamism,0,0
TEB,Paladin,Oath of Purification,TEB.Paladin,TEB.Paladin.Oath of Purification,Paladin.Oath of Purification,0,0
TEB,Ranger,Fire Keeper,TEB.Ranger,TEB.Ranger.Fire Keeper,Ranger.Fire Keeper,0,0
TEB,Ranger,Mariner,TEB.Ranger,TEB.Ranger.Mariner,Ranger.Mariner,0,0
TEB,Rogue,Aerialist,TEB.Rogue,TEB.Rogue.Aerialist,Rogue.Aerialist,0,0
TEB,Sorcerer,Cosmic Affinity,TEB.Sorcerer,TEB.Sorcerer.Cosmic Affinity,Sorcerer.Cosmic Affinity,0,0
TEB,Sorcerer,Elemental Magic,TEB.Sorcerer,TEB.Sorcerer.Elemental Magic,Sorcerer.Elemental Magic,0,0
TEB,Sorcerer,Green Thumb,TEB.Sorcerer,TEB.Sorcerer.Green Thumb,Sorcerer.Green Thumb,0,0
TEB,Warlock,The Dragon,TEB.Warlock,TEB.Warlock.The Dragon,Warlock.The Dragon,0,0
TGS1,Barbarian,Path of the Glacier,TGS1.Barbarian,TGS1.Barbarian.Path of the Glacier,Barbarian.Path of the Glacier,0,0
TGS1,Bard,College of Dance,TGS1.Bard,TGS1.Bard.College of Dance,Bard.College of Dance,0,0
TGS1,Cleric,Astral Domain,TGS1.Cleric,TGS1.Cleric.Astral Domain,Cleric.Astral Domain,0,0
TGS1,Druid,The Unbroken Circle,TGS1.Druid,TGS1.Druid.The Unbroken Circle,Druid.The Unbroken Circle,0,0
TGS1,Fighter,Couatl Herald,TGS1.Fighter,TGS1.Fighter.Couatl Herald,Fighter.Couatl Herald,0,0
TGS1,Monk,Way of the Celestial,TGS1.Monk,TGS1.Monk.Way of the Celestial,Monk.Way of the Celestial,0,0
TGS1,Paladin,Oath of the Hearth,TGS1.Paladin,TGS1.Paladin.Oath of the Hearth,Paladin.Oath of the Hearth,0,0
TGS1,Ranger,Winter Trapper,TGS1.Ranger,TGS1.Ranger.Winter Trapper,Ranger.Winter Trapper,0,0
TGS1,Rogue,Runetagger,TGS1.Rogue,TGS1.Rogue.Runetagger,Rogue.Runetagger,0,0
TGS1,Sorcerer,Frost Magic,TGS1.Sorcerer,TGS1.Sorcerer.Frost Magic,Sorcerer.Frost Magic,0,0
TGS1,Warlock,The Astral Griffon,TGS1.Warlock,TGS1.Warlock.The Astral Griffon,Warlock.The Astral Griffon,0,0
TGS1,Wizard,School of Material Magic,TGS1.Wizard,TGS1.Wizard.School of Material Magic,Wizard.School of Material Magic,0,0
TCE,Sidekick,Expert,TCE.Sidekick,TCE.Sidekick.Expert,Sidekick.Expert,0,0
TCE,Sidekick,Spellcaster,TCE.Sidekick,TCE.Sidekick.Spellcaster,Sidekick.Spellcaster,0,0
TCE,Sidekick,Warrior,TCE.Sidekick,TCE.Sidekick.Warrior,Sidekick.Warrior,0,0
HB,Monk,Way of the Speedster,HB.Monk,HB.Monk.Way of the Speedster,Monk.Way of the Speedster,0,0
HGtV,Gunslinger,Arcane Gunmaster,HGtV.Gunslinger,HGtV.Gunslinger.Arcane Gunmaster,Gunslinger.Arcane Gunmaster,0,0
HGtV,Gunslinger,Musketeer,HGtV.Gunslinger,HGtV.Gunslinger.Musketeer,Gunslinger.Musketeer,0,0
HGtV,Gunslinger,Pistolero,HGtV.Gunslinger,HGtV.Gunslinger.Pistolero,Gunslinger.Pistolero,0,0
HGtV,Gunslinger,Sniper,HGtV.Gunslinger,HGtV.Gunslinger.Sniper,Gunslinger.Sniper,0,0
HGtV,Gunslinger,Speargunner,HGtV.Gunslinger,HGtV.Gunslinger.Speargunner,Gunslinger.Speargunner,0,0
HGtV,Barbarian,Path of the Abyssal Delver,HGtV.Barbarian,HGtV.Barbarian.Path of the Abyssal Delver,Barbarian.Path of the Abyssal Delver,0,0
HGtV,Barbarian,Path of the Buccaneer,HGtV.Barbarian,HGtV.Barbarian.Path of the Buccaneer,Barbarian.Path of the Buccaneer,0,0
HGtV,Barbarian,Path of the Wild Seas,HGtV.Barbarian,HGtV.Barbarian.Path of the Wild Seas,Barbarian.Path of the Wild Seas,0,0
HGtV,Bard,College of the Deep Dreamer,HGtV.Bard,HGtV.Bard.College of the Deep Dreamer,Bard.College of the Deep Dreamer,0,0
HGtV,Bard,College of Nature,HGtV.Bard,HGtV.Bard.College of Nature,Bard.College of Nature,0,0
HGtV,Bard,College of Shanties,HGtV.Bard,HGtV.Bard.College of Shanties,Bard.College of Shanties,0,0
HGtV,Bard,College of the Sunlit Seas,HGtV.Bard,HGtV.Bard.College of the Sunlit Seas,Bard.College of the Sunlit Seas,0,0
HGtV,Cleric,Ocean Domain,HGtV.Cleric,HGtV.Cleric.Ocean Domain,Cleric.Ocean Domain,0,0
HGtV,Cleric,Spirit Domain,HGtV.Cleric,HGtV.Cleric.Spirit Domain,Cleric.Spirit Domain,0,0
HGtV,Druid,Circle of the Deeps,HGtV.Druid,HGtV.Druid.Circle of the Deeps,Druid.Circle of the Deeps,0,0
HGtV,Druid,Circle of the Sea,HGtV.Druid,HGtV.Druid.Circle of the Sea,Druid.Circle of the Sea,0,0
HGtV,Fighter,Cannoneer,HGtV.Fighter,HGtV.Fighter.Cannoneer,Fighter.Cannoneer,0,0
HGtV,Fighter,Corsair,HGtV.Fighter,HGtV.Fighter.Corsair,Fighter.Corsair,0,0
HGtV,Fighter,Warden of the Ancients,HGtV.Fighter,HGtV.Fighter.Warden of the Ancients,Fighter.Warden of the Ancients,0,0
HGtV,Monk,Way of the Dancing Current,HGtV.Monk,HGtV.Monk.Way of the Dancing Current,Monk.Way of the Dancing Current,0,0
HGtV,Monk,Way of the Wild,HGtV.Monk,HGtV.Monk.Way of the Wild,Monk.Way of the Wild,0,0
HGtV,Paladin,Oath of Discovery,HGtV.Paladin,HGtV.Paladin.Oath of Discovery,Paladin.Oath of Discovery,0,0
HGtV,Paladin,Oath of the Waves,HGtV.Paladin,HGtV.Paladin.Oath of the Waves,Paladin.Oath of the Waves,0,0
HGtV,Ranger,Leviathan Chaser,HGtV.Ranger,HGtV.Ranger.Leviathan Chaser,Ranger.Leviathan Chaser,0,0
HGtV,Ranger,Stormcloak,HGtV.Ranger,HGtV.Ranger.Stormcloak,Ranger.Stormcloak,0,0
HGtV,Rogue,Dreadmask,HGtV.Rogue,HGtV.Rogue.Dreadmask,Rogue.Dreadmask,0,0
HGtV,Rogue,Mask,HGtV.Rogue,HGtV.Rogue.Mask,Rogue.Mask,0,0
HGtV,Rogue,Scavenger,HGtV.Rogue,HGtV.Rogue.Scavenger,Rogue.Scavenger,0,0
HGtV,Rogue,Scoundrel,HGtV.Rogue,HGtV.Rogue.Scoundrel,Rogue.Scoundrel,0,0
HGtV,Sorcerer,Ancient Sorcery,HGtV.Sorcerer,HGtV.Sorcerer.Ancient Sorcery,Sorcerer.Ancient Sorcery,0,0
HGtV,Sorcerer,Tidal Sorcery,HGtV.Sorcerer,HGtV.Sorcerer.Tidal Sorcery,Sorcerer.Tidal Sorcery,0,0
HGtV,Warlock,The Corruption in the Flame,HGtV.Warlock,HGtV.Warlock.The Corruption in the Flame,Warlock.The Corruption in the Flame,0,0
HGtV,Warlock,The Council,HGtV.Warlock,HGtV.Warlock.The Council,Warlock.The Council,0,0
HGtV,Wizard,School of Bloodbinding,HGtV.Wizard,HGtV.Wizard.School of Bloodbinding,Wizard.School of Bloodbinding,0,0
HGtV,Wizard,School of Mistwalking,HGtV.Wizard,HGtV.Wizard.School of Mistwalking,Wizard.School of Mistwalking,0,0
HB,Sorcerer,Vampiric Origin,HB.Sorcerer,HB.Sorcerer.Vampiric Origin,Sorcerer.Vampiric Origin,0,0
