Source,Race,Sub-Race,Tag1,Tag2,Tag3,Count
UnknownS,Unknown,,Unknown,Unknown,Unknown,0
DMG,Aarakocra,,DMG.Aarakocra,DMG.Aarakocra,Aarakocra,0
EEPC,Aarakocra,,EEPC.Aarakocra,EEPC.Aarakocra,Aarakocra,0
MPMM,Aarakocra,,MPMM.Aarakocra,MPMM.Aarakocra,Aarakocra,0
DMG,Aasimar,,DMG.Aasimar,DMG.Aasimar,Aasimar,0
MPMM,Aasimar,,MPMM.Aasimar,MPMM.Aasimar,Aasimar,0
VGM,Aasimar,,VGM.Aasimar,VGM.Aasimar,Aasimar,0
VGM,Aasimar,Fallen,VGM.Aasimar,VGM.Aasimar.Fallen,Aasimar.Fallen,0
VGM,Aasimar,Protector,VGM.Aasimar,VGM.Aasimar.Protector,Aasimar.Protector,0
VGM,Aasimar,Scourge,VGM.Aasimar,VGM.Aasimar.Scourge,Aasimar.Scourge,0
PSK,Aetherborn,,PSK.Aetherborn,PSK.Aetherborn,Aetherborn,0
AAG,Elf,Astral Elf,AAG.Elf,AAG.Elf.Astral Elf,Elf.Astral Elf,0
UA21TotM,Elf,Astral Elf,UA21TotM.Elf,UA21TotM.Elf.Astral Elf,Elf.Astral Elf,0
AAG,Autognome,,AAG.Autognome,AAG.Autognome,Autognome,0
UA21TotM,Autognome,,UA21TotM.Autognome,UA21TotM.Autognome,Autognome,0
PSA,Aven,,PSA.Aven,PSA.Aven,Aven,0
PSD,Aven,,PSD.Aven,PSD.Aven,Aven,0
PSA,Aven,Hawk-Headed,PSA.Aven,PSA.Aven.Hawk-Headed,Aven.Hawk-Headed,0
PSA,Aven,Ibis-Headed,PSA.Aven,PSA.Aven.Ibis-Headed,Aven.Ibis-Headed,0
ERLW,Bugbear,,ERLW.Bugbear,ERLW.Bugbear,Bugbear,0
MPMM,Bugbear,,MPMM.Bugbear,MPMM.Bugbear,Bugbear,0
VGM,Bugbear,,VGM.Bugbear,VGM.Bugbear,Bugbear,0
DMG,Bullywug,,DMG.Bullywug,DMG.Bullywug,Bullywug,0
GGR,Centaur,,GGR.Centaur,GGR.Centaur,Centaur,0
MOT,Centaur,,MOT.Centaur,MOT.Centaur,Centaur,0
MPMM,Centaur,,MPMM.Centaur,MPMM.Centaur,Centaur,0
UACAM,Centaur,,UACAM.Centaur,UACAM.Centaur,Centaur,0
ERLW,Changeling,,ERLW.Changeling,ERLW.Changeling,Changeling,0
MPMM,Changeling,,MPMM.Changeling,MPMM.Changeling,Changeling,0
UAEB,Changeling,,UAEB.Changeling,UAEB.Changeling,Changeling,0
UARoE,Changeling,,UARoE.Changeling,UARoE.Changeling.,Changeling.,0
TCE,Custom Lineage,,TCE.Custom Lineage,TCE.Custom Lineage,Custom Lineage,0
MPMM,Deep Gnome,,MPMM.Deep Gnome,MPMM.Deep Gnome,Deep Gnome,0
UA21GL,Dhampir,,UA21GL.Dhampir,UA21GL.Dhampir,Dhampir,0
VRGR,Dhampir,,VRGR.Dhampir,VRGR.Dhampir,Dhampir,0
PHB,Dragonborn,,PHB.Dragonborn,PHB.Dragonborn,Dragonborn,0
PHB,Dragonborn.Base,,PHB.Dragonborn.Base,PHB.Dragonborn.Base,Dragonborn.Base,0
PHB,Dragonborn.Base,Black,PHB.Dragonborn.Base,PHB.Dragonborn.Base.Black,Dragonborn.Base.Black,0
PHB,Dragonborn.Base,Blue,PHB.Dragonborn.Base,PHB.Dragonborn.Base.Blue,Dragonborn.Base.Blue,0
PHB,Dragonborn.Base,Brass,PHB.Dragonborn.Base,PHB.Dragonborn.Base.Brass,Dragonborn.Base.Brass,0
PHB,Dragonborn.Base,Bronze,PHB.Dragonborn.Base,PHB.Dragonborn.Base.Bronze,Dragonborn.Base.Bronze,0
PHB,Dragonborn.Base,Copper,PHB.Dragonborn.Base,PHB.Dragonborn.Base.Copper,Dragonborn.Base.Copper,0
PHB,Dragonborn.Base,Gold,PHB.Dragonborn.Base,PHB.Dragonborn.Base.Gold,Dragonborn.Base.Gold,0
PHB,Dragonborn.Base,Green,PHB.Dragonborn.Base,PHB.Dragonborn.Base.Green,Dragonborn.Base.Green,0
PHB,Dragonborn.Base,Red,PHB.Dragonborn.Base,PHB.Dragonborn.Base.Red,Dragonborn.Base.Red,0
PHB,Dragonborn.Base,Silver,PHB.Dragonborn.Base,PHB.Dragonborn.Base.Silver,Dragonborn.Base.Silver,0
PHB,Dragonborn.Base,White,PHB.Dragonborn.Base,PHB.Dragonborn.Base.White,Dragonborn.Base.White,0
FTD,Dragonborn.Chromatic,,FTD.Dragonborn.Chromatic,FTD.Dragonborn.Chromatic,Dragonborn.Chromatic,0
FTD,Dragonborn.Chromatic,Black,FTD.Dragonborn.Chromatic,FTD.Dragonborn.Chromatic.Black,Dragonborn.Chromatic.Black,0
FTD,Dragonborn.Chromatic,Blue,FTD.Dragonborn.Chromatic,FTD.Dragonborn.Chromatic.Blue,Dragonborn.Chromatic.Blue,0
FTD,Dragonborn.Chromatic,Green,FTD.Dragonborn.Chromatic,FTD.Dragonborn.Chromatic.Green,Dragonborn.Chromatic.Green,0
FTD,Dragonborn.Chromatic,Red,FTD.Dragonborn.Chromatic,FTD.Dragonborn.Chromatic.Red,Dragonborn.Chromatic.Red,0
FTD,Dragonborn.Chromatic,White,FTD.Dragonborn.Chromatic,FTD.Dragonborn.Chromatic.White,Dragonborn.Chromatic.White,0
UA21DO,Dragonborn.Chromatic,,UA21DO.Dragonborn.Chromatic,UA21DO.Dragonborn.Chromatic,Dragonborn.Chromatic,0
UA21DO,Dragonborn.Chromatic,Black,UA21DO.Dragonborn.Chromatic,UA21DO.Dragonborn.Chromatic.Black,Dragonborn.Chromatic.Black,0
UA21DO,Dragonborn.Chromatic,Blue,UA21DO.Dragonborn.Chromatic,UA21DO.Dragonborn.Chromatic.Blue,Dragonborn.Chromatic.Blue,0
UA21DO,Dragonborn.Chromatic,Green,UA21DO.Dragonborn.Chromatic,UA21DO.Dragonborn.Chromatic.Green,Dragonborn.Chromatic.Green,0
UA21DO,Dragonborn.Chromatic,Red,UA21DO.Dragonborn.Chromatic,UA21DO.Dragonborn.Chromatic.Red,Dragonborn.Chromatic.Red,0
UA21DO,Dragonborn.Chromatic,White,UA21DO.Dragonborn.Chromatic,UA21DO.Dragonborn.Chromatic.White,Dragonborn.Chromatic.White,0
EGW,Dragonborn.Draconblood,,EGW.Dragonborn.Draconblood,EGW.Dragonborn.Draconblood,Dragonborn.Draconblood,0
EGW,Dragonborn.Draconblood,Black,EGW.Dragonborn.Draconblood,EGW.Dragonborn.Draconblood.Black,Dragonborn.Draconblood.Black,0
EGW,Dragonborn.Draconblood,Blue,EGW.Dragonborn.Draconblood,EGW.Dragonborn.Draconblood.Blue,Dragonborn.Draconblood.Blue,0
EGW,Dragonborn.Draconblood,Brass,EGW.Dragonborn.Draconblood,EGW.Dragonborn.Draconblood.Brass,Dragonborn.Draconblood.Brass,0
EGW,Dragonborn.Draconblood,Bronze,EGW.Dragonborn.Draconblood,EGW.Dragonborn.Draconblood.Bronze,Dragonborn.Draconblood.Bronze,0
EGW,Dragonborn.Draconblood,Copper,EGW.Dragonborn.Draconblood,EGW.Dragonborn.Draconblood.Copper,Dragonborn.Draconblood.Copper,0
EGW,Dragonborn.Draconblood,Gold,EGW.Dragonborn.Draconblood,EGW.Dragonborn.Draconblood.Gold,Dragonborn.Draconblood.Gold,0
EGW,Dragonborn.Draconblood,Green,EGW.Dragonborn.Draconblood,EGW.Dragonborn.Draconblood.Green,Dragonborn.Draconblood.Green,0
EGW,Dragonborn.Draconblood,Red,EGW.Dragonborn.Draconblood,EGW.Dragonborn.Draconblood.Red,Dragonborn.Draconblood.Red,0
EGW,Dragonborn.Draconblood,Silver,EGW.Dragonborn.Draconblood,EGW.Dragonborn.Draconblood.Silver,Dragonborn.Draconblood.Silver,0
EGW,Dragonborn.Draconblood,White,EGW.Dragonborn.Draconblood,EGW.Dragonborn.Draconblood.White,Dragonborn.Draconblood.White,0
FTD,Dragonborn.Gem,,FTD.Dragonborn.Gem,FTD.Dragonborn.Gem,Dragonborn.Gem,0
FTD,Dragonborn.Gem,Amethyst,FTD.Dragonborn.Gem,FTD.Dragonborn.Gem.Amethyst,Dragonborn.Gem.Amethyst,0
FTD,Dragonborn.Gem,Crystal,FTD.Dragonborn.Gem,FTD.Dragonborn.Gem.Crystal,Dragonborn.Gem.Crystal,0
FTD,Dragonborn.Gem,Emerald,FTD.Dragonborn.Gem,FTD.Dragonborn.Gem.Emerald,Dragonborn.Gem.Emerald,0
FTD,Dragonborn.Gem,Sapphire,FTD.Dragonborn.Gem,FTD.Dragonborn.Gem.Sapphire,Dragonborn.Gem.Sapphire,0
FTD,Dragonborn.Gem,Topaz,FTD.Dragonborn.Gem,FTD.Dragonborn.Gem.Topaz,Dragonborn.Gem.Topaz,0
UA21DO,Dragonborn.Gem,,UA21DO.Dragonborn.Gem,UA21DO.Dragonborn.Gem,Dragonborn.Gem,0
UA21DO,Dragonborn.Gem,Amethyst,UA21DO.Dragonborn.Gem,UA21DO.Dragonborn.Gem.Amethyst,Dragonborn.Gem.Amethyst,0
UA21DO,Dragonborn.Gem,Crystal,UA21DO.Dragonborn.Gem,UA21DO.Dragonborn.Gem.Crystal,Dragonborn.Gem.Crystal,0
UA21DO,Dragonborn.Gem,Emerald,UA21DO.Dragonborn.Gem,UA21DO.Dragonborn.Gem.Emerald,Dragonborn.Gem.Emerald,0
UA21DO,Dragonborn.Gem,Sapphire,UA21DO.Dragonborn.Gem,UA21DO.Dragonborn.Gem.Sapphire,Dragonborn.Gem.Sapphire,0
UA21DO,Dragonborn.Gem,Topaz,UA21DO.Dragonborn.Gem,UA21DO.Dragonborn.Gem.Topaz,Dragonborn.Gem.Topaz,0
FTD,Dragonborn.Metallic,,FTD.Dragonborn.Metallic,FTD.Dragonborn.Metallic,Dragonborn.Metallic,0
FTD,Dragonborn.Metallic,Brass,FTD.Dragonborn.Metallic,FTD.Dragonborn.Metallic.Brass,Dragonborn.Metallic.Brass,0
FTD,Dragonborn.Metallic,Bronze,FTD.Dragonborn.Metallic,FTD.Dragonborn.Metallic.Bronze,Dragonborn.Metallic.Bronze,0
FTD,Dragonborn.Metallic,Copper,FTD.Dragonborn.Metallic,FTD.Dragonborn.Metallic.Copper,Dragonborn.Metallic.Copper,0
FTD,Dragonborn.Metallic,Gold,FTD.Dragonborn.Metallic,FTD.Dragonborn.Metallic.Gold,Dragonborn.Metallic.Gold,0
FTD,Dragonborn.Metallic,Silver,FTD.Dragonborn.Metallic,FTD.Dragonborn.Metallic.Silver,Dragonborn.Metallic.Silver,0
UA21DO,Dragonborn.Metallic,,UA21DO.Dragonborn.Metallic,UA21DO.Dragonborn.Metallic,Dragonborn.Metallic,0
UA21DO,Dragonborn.Metallic,Brass,UA21DO.Dragonborn.Metallic,UA21DO.Dragonborn.Metallic.Brass,Dragonborn.Metallic.Brass,0
UA21DO,Dragonborn.Metallic,Bronze,UA21DO.Dragonborn.Metallic,UA21DO.Dragonborn.Metallic.Bronze,Dragonborn.Metallic.Bronze,0
UA21DO,Dragonborn.Metallic,Copper,UA21DO.Dragonborn.Metallic,UA21DO.Dragonborn.Metallic.Copper,Dragonborn.Metallic.Copper,0
UA21DO,Dragonborn.Metallic,Gold,UA21DO.Dragonborn.Metallic,UA21DO.Dragonborn.Metallic.Gold,Dragonborn.Metallic.Gold,0
UA21DO,Dragonborn.Metallic,Silver,UA21DO.Dragonborn.Metallic,UA21DO.Dragonborn.Metallic.Silver,Dragonborn.Metallic.Silver,0
EGW,Dragonborn.Ravenite,,EGW.Dragonborn.Ravenite,EGW.Dragonborn.Ravenite,Dragonborn.Ravenite,0
EGW,Dragonborn.Ravenite,Black,EGW.Dragonborn.Ravenite,EGW.Dragonborn.Ravenite.Black,Dragonborn.Ravenite.Black,0
EGW,Dragonborn.Ravenite,Blue,EGW.Dragonborn.Ravenite,EGW.Dragonborn.Ravenite.Blue,Dragonborn.Ravenite.Blue,0
EGW,Dragonborn.Ravenite,Brass,EGW.Dragonborn.Ravenite,EGW.Dragonborn.Ravenite.Brass,Dragonborn.Ravenite.Brass,0
EGW,Dragonborn.Ravenite,Bronze,EGW.Dragonborn.Ravenite,EGW.Dragonborn.Ravenite.Bronze,Dragonborn.Ravenite.Bronze,0
EGW,Dragonborn.Ravenite,Copper,EGW.Dragonborn.Ravenite,EGW.Dragonborn.Ravenite.Copper,Dragonborn.Ravenite.Copper,0
EGW,Dragonborn.Ravenite,Gold,EGW.Dragonborn.Ravenite,EGW.Dragonborn.Ravenite.Gold,Dragonborn.Ravenite.Gold,0
EGW,Dragonborn.Ravenite,Green,EGW.Dragonborn.Ravenite,EGW.Dragonborn.Ravenite.Green,Dragonborn.Ravenite.Green,0
EGW,Dragonborn.Ravenite,Red,EGW.Dragonborn.Ravenite,EGW.Dragonborn.Ravenite.Red,Dragonborn.Ravenite.Red,0
EGW,Dragonborn.Ravenite,Silver,EGW.Dragonborn.Ravenite,EGW.Dragonborn.Ravenite.Silver,Dragonborn.Ravenite.Silver,0
EGW,Dragonborn.Ravenite,White,EGW.Dragonborn.Ravenite,EGW.Dragonborn.Ravenite.White,Dragonborn.Ravenite.White,0
CR,Dragonborn.Ravenite,,CR.Dragonborn.Ravenite,CR.Dragonborn.Ravenite,Dragonborn.Ravenite,0
MPMM,Duergar,,MPMM.Duergar,MPMM.Duergar,Duergar,0
PHB,Dwarf,,PHB.Dwarf,PHB.Dwarf,Dwarf,0
MTF,Dwarf,Duergar,MTF.Dwarf,MTF.Dwarf.Duergar,Dwarf.Duergar,0
PHB,Dwarf,Hill,PHB.Dwarf,PHB.Dwarf.Hill,Dwarf.Hill,0
PSK,Dwarf,Kaladesh,PSK.Dwarf,PSK.Dwarf.Kaladesh,Dwarf.Kaladesh,0
ERLW,Dwarf,Mark of Warding,ERLW.Dwarf,ERLW.Dwarf.Mark of Warding,Dwarf.Mark of Warding,0
PHB,Dwarf,Mountain,PHB.Dwarf,PHB.Dwarf.Mountain,Dwarf.Mountain,0
MPMM,Eladrin,,MPMM.Eladrin,MPMM.Eladrin,Eladrin,0
PHB,Elf,,PHB.Elf,PHB.Elf,Elf,0
UAESR,Elf,Avariel,UAESR.Elf,UAESR.Elf.Avariel,Elf.Avariel,0
PHB,Elf,Drow,PHB.Elf,PHB.Elf.Drow,Elf.Drow,0
DMG,Elf,Eladrin,DMG.Elf,DMG.Elf.Eladrin,Elf.Eladrin,0
MTF,Elf,Eladrin,MTF.Elf,MTF.Elf.Eladrin,Elf.Eladrin,0
UAEaG,Elf,Eladrin,UAEaG.Elf,UAEaG.Elf.Eladrin,Elf.Eladrin,0
UAESR,Elf,Grugach,UAESR.Elf,UAESR.Elf.Grugach,Elf.Grugach,0
PHB,Elf,High,PHB.Elf,PHB.Elf.High,Elf.High,0
WGE,Elf,High.Aereni,WGE.Elf,WGE.Elf.High.Aereni,Elf.High.Aereni,0
WGE,Elf,High.Valenar,WGE.Elf,WGE.Elf.High.Valenar,Elf.High.Valenar,0
PSK,Elf,Kaladesh,PSK.Elf,PSK.Elf.Kaladesh,Elf.Kaladesh,0
PSK,Elf,Kaladesh.Bishatar and Tirahar,PSK.Elf,PSK.Elf.Kaladesh.Bishatar and Tirahar,Elf.Kaladesh.Bishatar and Tirahar,0
PSK,Elf,Kaladesh.Vahadar,PSK.Elf,PSK.Elf.Kaladesh.Vahadar,Elf.Kaladesh.Vahadar,0
ERLW,Elf,Mark of Shadow,ERLW.Elf,ERLW.Elf.Mark of Shadow,Elf.Mark of Shadow,0
EGW,Elf,Pallid,EGW.Elf,EGW.Elf.Pallid,Elf.Pallid,0
MTF,Elf,Sea,MTF.Elf,MTF.Elf.Sea,Elf.Sea,0
UAESR,Elf,Sea,UAESR.Elf,UAESR.Elf.Sea,Elf.Sea,0
MTF,Elf,Shadar-kai,MTF.Elf,MTF.Elf.Shadar-kai,Elf.Shadar-kai,0
UAESR,Elf,Shadar-kai,UAESR.Elf,UAESR.Elf.Shadar-kai,Elf.Shadar-kai,0
PHB,Elf,Wood,PHB.Elf,PHB.Elf.Wood,Elf.Wood,0
WGE,Elf,Wood.Aereni,WGE.Elf,WGE.Elf.Wood.Aereni,Elf.Wood.Aereni,0
WGE,Elf,Wood.Valenar,WGE.Elf,WGE.Elf.Wood.Valenar,Elf.Wood.Valenar,0
PSZ,Elf,Zendikar,PSZ.Elf,PSZ.Elf.Zendikar,Elf.Zendikar,0
PSZ,Elf,Zendikar.Joraga Nation,PSZ.Elf,PSZ.Elf.Zendikar.Joraga Nation,Elf.Zendikar.Joraga Nation,0
PSZ,Elf,Zendikar.Mul Daya Nation,PSZ.Elf,PSZ.Elf.Zendikar.Mul Daya Nation,Elf.Zendikar.Mul Daya Nation,0
PSZ,Elf,Zendikar.Tajuru Nation,PSZ.Elf,PSZ.Elf.Zendikar.Tajuru Nation,Elf.Zendikar.Tajuru Nation,0
MPMM,Fairy,,MPMM.Fairy,MPMM.Fairy,Fairy,0
UA21FF,Fairy,,UA21FF.Fairy,UA21FF.Fairy,Fairy,0
WBtW,Fairy,,WBtW.Fairy,WBtW.Fairy,Fairy,0
MPMM,Firbolg,,MPMM.Firbolg,MPMM.Firbolg,Firbolg,0
VGM,Firbolg,,VGM.Firbolg,VGM.Firbolg,Firbolg,0
EEPC,Genasi,,EEPC.Genasi,EEPC.Genasi,Genasi,0
MPMM,Genasi,,MPMM.Genasi,MPMM.Genasi,Genasi,0
EEPC,Genasi,Air,EEPC.Genasi,EEPC.Genasi.Air,Genasi.Air,0
MPMM,Genasi,Air,MPMM.Genasi,MPMM.Genasi.Air,Genasi.Air,0
EEPC,Genasi,Earth,EEPC.Genasi,EEPC.Genasi.Earth,Genasi.Earth,0
MPMM,Genasi,Earth,MPMM.Genasi,MPMM.Genasi.Earth,Genasi.Earth,0
EEPC,Genasi,Fire,EEPC.Genasi,EEPC.Genasi.Fire,Genasi.Fire,0
MPMM,Genasi,Fire,MPMM.Genasi,MPMM.Genasi.Fire,Genasi.Fire,0
EEPC,Genasi,Water,EEPC.Genasi,EEPC.Genasi.Water,Genasi.Water,0
MPMM,Genasi,Water,MPMM.Genasi,MPMM.Genasi.Water,Genasi.Water,0
VSS,Geppettin,,VSS.Geppettin,VSS.Geppettin,Geppettin,0
VSS,Geppettin,Bisque,VSS.Geppettin,VSS.Geppettin.Bisque,Geppettin.Bisque,0
VSS,Geppettin,Marionette,VSS.Geppettin,VSS.Geppettin.Marionette,Geppettin.Marionette,0
VSS,Geppettin,Raggedy,VSS.Geppettin,VSS.Geppettin.Raggedy,Geppettin.Raggedy,0
AAG,Giff,,AAG.Giff,AAG.Giff,Giff,0
UA21TotM,Giff,,UA21TotM.Giff,UA21TotM.Giff,Giff,0
MTF,Gith,,MTF.Gith,MTF.Gith,Gith,0
UAEaG,Gith,,UAEaG.Gith,UAEaG.Gith,Gith,0
MTF,Gith,Githyanki,MTF.Gith,MTF.Gith.Githyanki,Gith.Githyanki,0
UAEaG,Gith,Githyanki,UAEaG.Gith,UAEaG.Gith.Githyanki,Gith.Githyanki,0
MTF,Gith,Githzerai,MTF.Gith,MTF.Gith.Githzerai,Gith.Githzerai,0
UAEaG,Gith,Githzerai,UAEaG.Gith,UAEaG.Gith.Githzerai,Gith.Githzerai,0
MPMM,Githyanki,,MPMM.Githyanki,MPMM.Githyanki,Githyanki,0
MPMM,Githzerai,,MPMM.Githzerai,MPMM.Githzerai,Githzerai,0
UA22WotM,Glitchling,,UA22WotM.Glitchling,UA22WotM.Glitchling,Glitchling,0
DMG,Gnoll,,DMG.Gnoll,DMG.Gnoll,Gnoll,0
PHB,Gnome,,PHB.Gnome,PHB.Gnome,Gnome,0
MTF,Gnome,Deep,MTF.Gnome,MTF.Gnome.Deep,Gnome.Deep,0
DMG,Gnome,Deep,DMG.Gnome,DMG.Gnome.Deep,Gnome.Deep,0
SCAG,Gnome,Deep/Svirfneblin,SCAG.Gnome,SCAG.Gnome.Deep/Svirfneblin,Gnome.Deep/Svirfneblin,0
PHB,Gnome,Forest,PHB.Gnome,PHB.Gnome.Forest,Gnome.Forest,0
ERLW,Gnome,Mark of Scribing,ERLW.Gnome,ERLW.Gnome.Mark of Scribing,Gnome.Mark of Scribing,0
PHB,Gnome,Rock,PHB.Gnome,PHB.Gnome.Rock,Gnome.Rock,0
DMG,Goblin,,DMG.Goblin,DMG.Goblin,Goblin,0
ERLW,Goblin,,ERLW.Goblin,ERLW.Goblin,Goblin,0
GGR,Goblin,,GGR.Goblin,GGR.Goblin,Goblin,0
MPMM,Goblin,,MPMM.Goblin,MPMM.Goblin,Goblin,0
VGM,Goblin,,VGM.Goblin,VGM.Goblin,Goblin,0
AWM,Goblin,Dankwood,AWM.Goblin,AWM.Goblin.Dankwood,Goblin.Dankwood,0
PSX,Goblin,Ixalan,PSX.Goblin,PSX.Goblin.Ixalan,Goblin.Ixalan,0
PSZ,Goblin,Zendikar,PSZ.Goblin,PSZ.Goblin.Zendikar,Goblin.Zendikar,0
PSZ,Goblin,Zendikar.Grotag Tribe,PSZ.Goblin,PSZ.Goblin.Zendikar.Grotag Tribe,Goblin.Zendikar.Grotag Tribe,0
PSZ,Goblin,Zendikar.Lavastep Tribe,PSZ.Goblin,PSZ.Goblin.Zendikar.Lavastep Tribe,Goblin.Zendikar.Lavastep Tribe,0
PSZ,Goblin,Zendikar.Tuktuk Tribe,PSZ.Goblin,PSZ.Goblin.Zendikar.Tuktuk Tribe,Goblin.Zendikar.Tuktuk Tribe,0
MPMM,Goliath,,MPMM.Goliath,MPMM.Goliath,Goliath,0
VGM,Goliath,,VGM.Goliath,VGM.Goliath,Goliath,0
DMG,Grimlock,,DMG.Grimlock,DMG.Grimlock,Grimlock,0
OGA,Grung,,OGA.Grung,OGA.Grung,Grung,0
AAG,Hadozee,,AAG.Hadozee,AAG.Hadozee,Hadozee,0
UA21TotM,Hadozee,,UA21TotM.Hadozee,UA21TotM.Hadozee,Hadozee,0
PHB,Half-Elf,,PHB.Half-Elf,PHB.Half-Elf,Half-Elf,0
PHB,Half-Elf,Base,PHB.Half-Elf,PHB.Half-Elf.Base,Half-Elf.Base,0
SCAG,Half-Elf,Variant.Aquatic Elf Descent,SCAG.Half-Elf,SCAG.Half-Elf.Variant.Aquatic Elf Descent,Half-Elf.Variant.Aquatic Elf Descent,0
SCAG,Half-Elf,Variant.Drow Descent,SCAG.Half-Elf,SCAG.Half-Elf.Variant.Drow Descent,Half-Elf.Variant.Drow Descent,0
ERLW,Half-Elf,Variant.Mark of Detection,ERLW.Half-Elf,ERLW.Half-Elf.Variant.Mark of Detection,Half-Elf.Variant.Mark of Detection,0
ERLW,Half-Elf,Variant.Mark of Storm,ERLW.Half-Elf,ERLW.Half-Elf.Variant.Mark of Storm,Half-Elf.Variant.Mark of Storm,0
SCAG,Half-Elf,Variant.Moon Elf or Sun Elf Descent,SCAG.Half-Elf,SCAG.Half-Elf.Variant.Moon Elf or Sun Elf Descent,Half-Elf.Variant.Moon Elf or Sun Elf Descent,0
SCAG,Half-Elf,Variant.Wood Elf Descent,SCAG.Half-Elf,SCAG.Half-Elf.Variant.Wood Elf Descent,Half-Elf.Variant.Wood Elf Descent,0
PHB,Half-Orc,,PHB.Half-Orc,PHB.Half-Orc,Half-Orc,0
ERLW,Half-Orc,Mark of Finding,ERLW.Half-Orc,ERLW.Half-Orc.Mark of Finding,Half-Orc.Mark of Finding,0
PHB,Halfling,,PHB.Halfling,PHB.Halfling,Halfling,0
SCAG,Halfling,Ghostwise,SCAG.Halfling,SCAG.Halfling.Ghostwise,Halfling.Ghostwise,0
PHB,Halfling,Lightfoot,PHB.Halfling,PHB.Halfling.Lightfoot,Halfling.Lightfoot,0
EGW,Halfling,Lotusden,EGW.Halfling,EGW.Halfling.Lotusden,Halfling.Lotusden,0
ERLW,Halfling,Mark of Healing,ERLW.Halfling,ERLW.Halfling.Mark of Healing,Halfling.Mark of Healing,0
ERLW,Halfling,Mark of Hospitality,ERLW.Halfling,ERLW.Halfling.Mark of Hospitality,Halfling.Mark of Hospitality,0
PHB,Halfling,Stout,PHB.Halfling,PHB.Halfling.Stout,Halfling.Stout,0
MPMM,Harengon,,MPMM.Harengon,MPMM.Harengon,Harengon,0
WBtW,Harengon,,WBtW.Harengon,WBtW.Harengon,Harengon,0
UA21GL,Hexblood,,UA21GL.Hexblood,UA21GL.Hexblood,Hexblood,0
VRGR,Hexblood,,VRGR.Hexblood,VRGR.Hexblood,Hexblood,0
DMG,Hobgoblin,,DMG.Hobgoblin,DMG.Hobgoblin,Hobgoblin,0
ERLW,Hobgoblin,,ERLW.Hobgoblin,ERLW.Hobgoblin,Hobgoblin,0
MPMM,Hobgoblin,,MPMM.Hobgoblin,MPMM.Hobgoblin,Hobgoblin,0
UA21FF,Hobgoblin,,UA21FF.Hobgoblin,UA21FF.Hobgoblin,Hobgoblin,0
VGM,Hobgoblin,,VGM.Hobgoblin,VGM.Hobgoblin,Hobgoblin,0
PHB,Human,,PHB.Human,PHB.Human,Human,0
PSA,Human,Amonkhet,PSA.Human,PSA.Human.Amonkhet,Human.Amonkhet,0
PHB,Human,Base,PHB.Human,PHB.Human.Base,Human.Base,0
PSI,Human,Innistrad,PSI.Human,PSI.Human.Innistrad,Human.Innistrad,0
PSI,Human,Innistrad.Gavony,PSI.Human,PSI.Human.Innistrad.Gavony,Human.Innistrad.Gavony,0
PSI,Human,Innistrad.Kessig,PSI.Human,PSI.Human.Innistrad.Kessig,Human.Innistrad.Kessig,0
PSI,Human,Innistrad.Nephalia,PSI.Human,PSI.Human.Innistrad.Nephalia,Human.Innistrad.Nephalia,0
PSI,Human,Innistrad.Stensia,PSI.Human,PSI.Human.Innistrad.Stensia,Human.Innistrad.Stensia,0
PSX,Human,Ixalan,PSX.Human,PSX.Human.Ixalan,Human.Ixalan,0
PSD,Human,Keldon,PSD.Human,PSD.Human.Keldon,Human.Keldon,0
ERLW,Human,Mark of Finding,ERLW.Human,ERLW.Human.Mark of Finding,Human.Mark of Finding,0
ERLW,Human,Mark of Handling,ERLW.Human,ERLW.Human.Mark of Handling,Human.Mark of Handling,0
ERLW,Human,Mark of Making,ERLW.Human,ERLW.Human.Mark of Making,Human.Mark of Making,0
ERLW,Human,Mark of Passage,ERLW.Human,ERLW.Human.Mark of Passage,Human.Mark of Passage,0
ERLW,Human,Mark of Sentinel,ERLW.Human,ERLW.Human.Mark of Sentinel,Human.Mark of Sentinel,0
PHB,Human,Variant,PHB.Human,PHB.Human.Variant,Human.Variant,0
PSZ,Human,Zendikar,PSZ.Human,PSZ.Human.Zendikar,Human.Zendikar,0
ERLW,Kalashtar,,ERLW.Kalashtar,ERLW.Kalashtar,Kalashtar,0
UARoE,Kalashtar,,UARoE.Kalashtar,UARoE.Kalashtar,Kalashtar,0
UA22HoK,Kender,,UA22HoK.Kender,UA22HoK.Kender,Kender,0
UA22HoKR,Kender,,UA22HoKR.Kender,UA22HoKR.Kender,Kender,0
DMG,Kenku,,DMG.Kenku,DMG.Kenku,Kenku,0
MPMM,Kenku,,MPMM.Kenku,MPMM.Kenku,Kenku,0
VGM,Kenku,,VGM.Kenku,VGM.Kenku,Kenku,0
PSA,Khenra,,PSA.Khenra,PSA.Khenra,Khenra,0
DMG,Kobold,,DMG.Kobold,DMG.Kobold,Kobold,0
MPMM,Kobold,,MPMM.Kobold,MPMM.Kobold,Kobold,0
UA21DO,Kobold,,UA21DO.Kobold,UA21DO.Kobold,Kobold,0
VGM,Kobold,,VGM.Kobold,VGM.Kobold,Kobold,0
PSZ,Kor,,PSZ.Kor,PSZ.Kor,Kor,0
DMG,Kuo-Toa,,DMG.Kuo-Toa,DMG.Kuo-Toa,Kuo-Toa,0
MOT,Leonin,,MOT.Leonin,MOT.Leonin,Leonin,0
DMG,Lizardfolk,,DMG.Lizardfolk,DMG.Lizardfolk,Lizardfolk,0
MPMM,Lizardfolk,,MPMM.Lizardfolk,MPMM.Lizardfolk,Lizardfolk,0
VGM,Lizardfolk,,VGM.Lizardfolk,VGM.Lizardfolk,Lizardfolk,0
LR,Locathah,,LR.Locathah,LR.Locathah,Locathah,0
GGR,Loxodon,,GGR.Loxodon,GGR.Loxodon,Loxodon,0
UARoR,Loxodon,,UARoR.Loxodon,UARoR.Loxodon,Loxodon,0
VSS,Mandrake,,VSS.Mandrake,VSS.Mandrake,Mandrake,0
VSS,Mandrake,Autumn,VSS.Mandrake,VSS.Mandrake.Autumn,Mandrake.Autumn,0
VSS,Mandrake,Spring,VSS.Mandrake,VSS.Mandrake.Spring,Mandrake.Spring,0
VSS,Mandrake,Summer,VSS.Mandrake,VSS.Mandrake.Summer,Mandrake.Summer,0
VSS,Mandrake,Winter,VSS.Mandrake,VSS.Mandrake.Winter,Mandrake.Winter,0
DMG,Merfolk,,DMG.Merfolk,DMG.Merfolk,Merfolk,0
PSX,Merfolk,Ixalan,PSX.Merfolk,PSX.Merfolk.Ixalan,Merfolk.Ixalan,0
PSX,Merfolk,Ixalan.Blue,PSX.Merfolk,PSX.Merfolk.Ixalan.Blue,Merfolk.Ixalan.Blue,0
PSX,Merfolk,Ixalan.Green,PSX.Merfolk,PSX.Merfolk.Ixalan.Green,Merfolk.Ixalan.Green,0
PSZ,Merfolk,Zendikar,PSZ.Merfolk,PSZ.Merfolk.Zendikar,Merfolk.Zendikar,0
PSZ,Merfolk,Zendikar.Cosi Creed,PSZ.Merfolk,PSZ.Merfolk.Zendikar.Cosi Creed,Merfolk.Zendikar.Cosi Creed,0
PSZ,Merfolk,Zendikar.Emeria Creed,PSZ.Merfolk,PSZ.Merfolk.Zendikar.Emeria Creed,Merfolk.Zendikar.Emeria Creed,0
PSZ,Merfolk,Zendikar.Ula Creed,PSZ.Merfolk,PSZ.Merfolk.Zendikar.Ula Creed,Merfolk.Zendikar.Ula Creed,0
GGR,Minotaur,,GGR.Minotaur,GGR.Minotaur,Minotaur,0
MOT,Minotaur,,MOT.Minotaur,MOT.Minotaur,Minotaur,0
MPMM,Minotaur,,MPMM.Minotaur,MPMM.Minotaur,Minotaur,0
UACAM,Minotaur,,UACAM.Minotaur,UACAM.Minotaur,Minotaur,0
PSA,Minotaur,Amonkhet,PSA.Minotaur,PSA.Minotaur.Amonkhet,Minotaur.Amonkhet,0
UAWA,Minotaur,Krynn,UAWA.Minotaur,UAWA.Minotaur.Krynn,Minotaur.Krynn,0
VSS,Mousefolk,,VSS.Mousefolk,VSS.Mousefolk,Mousefolk,0
VSS,Mousefolk,Mouseling,VSS.Mousefolk,VSS.Mousefolk.Mouseling,Mousefolk.Mouseling,0
VSS,Mousefolk,Ratling,VSS.Mousefolk,VSS.Mousefolk.Ratling,Mousefolk.Ratling,0
PSA,Naga,,PSA.Naga,PSA.Naga,Naga,0
VSS,Near-Human,,VSS.Near-Human,VSS.Near-Human,Near-Human,0
VSS,Near-Human,Aboleth Spawn,VSS.Near-Human,VSS.Near-Human.Aboleth Spawn,Near-Human.Aboleth Spawn,0
VSS,Near-Human,Aquatic,VSS.Near-Human,VSS.Near-Human.Aquatic,Near-Human.Aquatic,0
VSS,Near-Human,Beastman,VSS.Near-Human,VSS.Near-Human.Beastman,Near-Human.Beastman,0
VSS,Near-Human,Firebrand,VSS.Near-Human,VSS.Near-Human.Firebrand,Near-Human.Firebrand,0
VSS,Near-Human,Greenskin,VSS.Near-Human,VSS.Near-Human.Greenskin,Near-Human.Greenskin,0
VSS,Near-Human,Grendel,VSS.Near-Human,VSS.Near-Human.Grendel,Near-Human.Grendel,0
VSS,Near-Human,Grue,VSS.Near-Human,VSS.Near-Human.Grue,Near-Human.Grue,0
VSS,Near-Human,Hobbin,VSS.Near-Human,VSS.Near-Human.Hobbin,Near-Human.Hobbin,0
VSS,Near-Human,Mul,VSS.Near-Human,VSS.Near-Human.Mul,Near-Human.Mul,0
VSS,Near-Human,Ogre-Blooded,VSS.Near-Human,VSS.Near-Human.Ogre-Blooded,Near-Human.Ogre-Blooded,0
VSS,Near-Human,Owlbearman,VSS.Near-Human,VSS.Near-Human.Owlbearman,Near-Human.Owlbearman,0
VSS,Near-Human,Porterling,VSS.Near-Human,VSS.Near-Human.Porterling,Near-Human.Porterling,0
VSS,Near-Human,Proto-Man,VSS.Near-Human,VSS.Near-Human.Proto-Man,Near-Human.Proto-Man,0
VSS,Near-Human,Reptiloid,VSS.Near-Human,VSS.Near-Human.Reptiloid,Near-Human.Reptiloid,0
VSS,Near-Human,Roguean,VSS.Near-Human,VSS.Near-Human.Roguean,Near-Human.Roguean,0
VSS,Near-Human,Stoneborn,VSS.Near-Human,VSS.Near-Human.Stoneborn,Near-Human.Stoneborn,0
VSS,Near-Human,Tauran,VSS.Near-Human,VSS.Near-Human.Tauran,Near-Human.Tauran,0
VSS,Near-Human,Windswept,VSS.Near-Human,VSS.Near-Human.Windswept,Near-Human.Windswept,0
DMG,Orc,,DMG.Orc,DMG.Orc,Orc,0
EGW,Orc,,EGW.Orc,EGW.Orc,Orc,0
ERLW,Orc,,ERLW.Orc,ERLW.Orc,Orc,0
MPMM,Orc,,MPMM.Orc,MPMM.Orc,Orc,0
VGM,Orc,,VGM.Orc,VGM.Orc,Orc,0
PSX,Orc,Ixalan,PSX.Orc,PSX.Orc.Ixalan,Orc.Ixalan,0
UA21FF,Owlfolk,,UA21FF.Owlfolk,UA21FF.Owlfolk,Owlfolk,0
SCC,Owlin,,SCC.Owlin,SCC.Owlin,Owlin,0
AAG,Plasmoid,,AAG.Plasmoid,AAG.Plasmoid,Plasmoid,0
UA21TotM,Plasmoid,,UA21TotM.Plasmoid,UA21TotM.Plasmoid,Plasmoid,0
UA21FF,Rabbitfolk,,UA21FF.Rabbitfolk,UA21FF.Rabbitfolk,Rabbitfolk,0
UA21GL,Reborn,,UA21GL.Reborn,UA21GL.Reborn,Reborn,0
VRGR,Reborn,,VRGR.Reborn,VRGR.Reborn,Reborn,0
UAGH,Revenant,,UAGH.Revenant,UAGH.Revenant,Revenant,0
MOT,Satyr,,MOT.Satyr,MOT.Satyr,Satyr,0
MPMM,Satyr,,MPMM.Satyr,MPMM.Satyr,Satyr,0
MPMM,Sea Elf,,MPMM.Sea Elf,MPMM.Sea Elf,Sea Elf,0
MPMM,Shadar-Kai,,MPMM.Shadar-Kai,MPMM.Shadar-Kai,Shadar-Kai,0
ERLW,Shifter,,ERLW.Shifter,ERLW.Shifter,Shifter,0
MPMM,Shifter,,MPMM.Shifter,MPMM.Shifter,Shifter,0
UAEB,Shifter,,UAEB.Shifter,UAEB.Shifter,Shifter,0
UARoE,Shifter,,UARoE.Shifter,UARoE.Shifter,Shifter,0
ERLW,Shifter,Beasthide,ERLW.Shifter,ERLW.Shifter.Beasthide,Shifter.Beasthide,0
UAEB,Shifter,Beasthide,UAEB.Shifter,UAEB.Shifter.Beasthide,Shifter.Beasthide,0
UARoE,Shifter,Beasthide,UARoE.Shifter,UARoE.Shifter.Beasthide,Shifter.Beasthide,0
UAEB,Shifter,Cliffwalk,UAEB.Shifter,UAEB.Shifter.Cliffwalk,Shifter.Cliffwalk,0
UAEB,Shifter,Longstride,UAEB.Shifter,UAEB.Shifter.Longstride,Shifter.Longstride,0
ERLW,Shifter,Longtooth,ERLW.Shifter,ERLW.Shifter.Longtooth,Shifter.Longtooth,0
UAEB,Shifter,Longtooth,UAEB.Shifter,UAEB.Shifter.Longtooth,Shifter.Longtooth,0
UARoE,Shifter,Longtooth,UARoE.Shifter,UARoE.Shifter.Longtooth,Shifter.Longtooth,0
UAEB,Shifter,Razorclaw,UAEB.Shifter,UAEB.Shifter.Razorclaw,Shifter.Razorclaw,0
ERLW,Shifter,Swiftstride,ERLW.Shifter,ERLW.Shifter.Swiftstride,Shifter.Swiftstride,0
UARoE,Shifter,Swiftstride,UARoE.Shifter,UARoE.Shifter.Swiftstride,Shifter.Swiftstride,0
ERLW,Shifter,Wildhunt,ERLW.Shifter,ERLW.Shifter.Wildhunt,Shifter.Wildhunt,0
UAEB,Shifter,Wildhunt,UAEB.Shifter,UAEB.Shifter.Wildhunt,Shifter.Wildhunt,0
UARoE,Shifter,Wildhunt,UARoE.Shifter,UARoE.Shifter.Wildhunt,Shifter.Wildhunt,0
GGR,Simic Hybrid,,GGR.Simic Hybrid,GGR.Simic Hybrid,Simic Hybrid,0
UARoR,Simic Hybrid,,UARoR.Simic Hybrid,UARoR.Simic Hybrid,Simic Hybrid,0
PSX,Siren,,PSX.Siren,PSX.Siren,Siren,0
DMG,Skeleton,,DMG.Skeleton,DMG.Skeleton,Skeleton,0
VSS,Spirithost,,VSS.Spirithost,VSS.Spirithost,Spirithost,0
MPMM,Tabaxi,,MPMM.Tabaxi,MPMM.Tabaxi,Tabaxi,0
VGM,Tabaxi,,VGM.Tabaxi,VGM.Tabaxi,Tabaxi,0
AAG,Thri-kreen,,AAG.Thri-kreen,AAG.Thri-kreen,Thri-kreen,0
UA21TotM,Thri-kreen,,UA21TotM.Thri-kreen,UA21TotM.Thri-kreen,Thri-kreen,0
PHB,Tiefling,,PHB.Tiefling,PHB.Tiefling,Tiefling,0
UAOBM,Tiefling,Abyssal,UAOBM.Tiefling,UAOBM.Tiefling.Abyssal,Tiefling.Abyssal,0
MTF,Tiefling,Asmodeus,MTF.Tiefling,MTF.Tiefling.Asmodeus,Tiefling.Asmodeus,0
UAFO,Tiefling,Asmodeus,UAFO.Tiefling,UAFO.Tiefling.Asmodeus,Tiefling.Asmodeus,0
MTF,Tiefling,Baalzebul,MTF.Tiefling,MTF.Tiefling.Baalzebul,Tiefling.Baalzebul,0
UAFO,Tiefling,Baalzebul,UAFO.Tiefling,UAFO.Tiefling.Baalzebul,Tiefling.Baalzebul,0
PHB,Tiefling,Base,PHB.Tiefling,PHB.Tiefling.Base,Tiefling.Base,0
MTF,Tiefling,Dispater,MTF.Tiefling,MTF.Tiefling.Dispater,Tiefling.Dispater,0
UAFO,Tiefling,Dispater,UAFO.Tiefling,UAFO.Tiefling.Dispater,Tiefling.Dispater,0
MTF,Tiefling,Fierna,MTF.Tiefling,MTF.Tiefling.Fierna,Tiefling.Fierna,0
UAFO,Tiefling,Fierna,UAFO.Tiefling,UAFO.Tiefling.Fierna,Tiefling.Fierna,0
MTF,Tiefling,Glasya,MTF.Tiefling,MTF.Tiefling.Glasya,Tiefling.Glasya,0
UAFO,Tiefling,Glasya,UAFO.Tiefling,UAFO.Tiefling.Glasya,Tiefling.Glasya,0
MTF,Tiefling,Levistus,MTF.Tiefling,MTF.Tiefling.Levistus,Tiefling.Levistus,0
UAFO,Tiefling,Levistus,UAFO.Tiefling,UAFO.Tiefling.Levistus,Tiefling.Levistus,0
MTF,Tiefling,Mammon,MTF.Tiefling,MTF.Tiefling.Mammon,Tiefling.Mammon,0
UAFO,Tiefling,Mammon,UAFO.Tiefling,UAFO.Tiefling.Mammon,Tiefling.Mammon,0
MTF,Tiefling,Mephistopheles,MTF.Tiefling,MTF.Tiefling.Mephistopheles,Tiefling.Mephistopheles,0
UAFO,Tiefling,Mephistopheles,UAFO.Tiefling,UAFO.Tiefling.Mephistopheles,Tiefling.Mephistopheles,0
SCAG,Tiefling,Variant,SCAG.Tiefling,SCAG.Tiefling.Variant,Tiefling.Variant,0
SCAG,Tiefling,Variant.Devil's Tongue,SCAG.Tiefling,SCAG.Tiefling.Variant.Devil's Tongue,Tiefling.Variant.Devil's Tongue,0
SCAG,Tiefling,Variant.Hellfire,SCAG.Tiefling,SCAG.Tiefling.Variant.Hellfire,Tiefling.Variant.Hellfire,0
SCAG,Tiefling,Variant.Infernal Legacy,SCAG.Tiefling,SCAG.Tiefling.Variant.Infernal Legacy,Tiefling.Variant.Infernal Legacy,0
SCAG,Tiefling,Variant.Winged,SCAG.Tiefling,SCAG.Tiefling.Variant.Winged,Tiefling.Variant.Winged,0
MTF,Tiefling,Zariel,MTF.Tiefling,MTF.Tiefling.Zariel,Tiefling.Zariel,0
UAFO,Tiefling,Zariel,UAFO.Tiefling,UAFO.Tiefling.Zariel,Tiefling.Zariel,0
MPMM,Tortle,,MPMM.Tortle,MPMM.Tortle,Tortle,0
TTP,Tortle,,TTP.Tortle,TTP.Tortle,Tortle,0
MOT,Triton,,MOT.Triton,MOT.Triton,Triton,0
MPMM,Triton,,MPMM.Triton,MPMM.Triton,Triton,0
VGM,Triton,,VGM.Triton,VGM.Triton,Triton,0
DMG,Troglodyte,,DMG.Troglodyte,DMG.Troglodyte,Troglodyte,0
PSX,Vampire,,PSX.Vampire,PSX.Vampire,Vampire,0
PSX,Vampire,Ixalan,PSX.Vampire,PSX.Vampire.Ixalan,Vampire.Ixalan,0
PSX,Vampire,Zendikar,PSX.Vampire,PSX.Vampire.Zendikar,Vampire.Zendikar,0
GGR,Vedalken,,GGR.Vedalken,GGR.Vedalken,Vedalken,0
PSK,Vedalken,,PSK.Vedalken,PSK.Vedalken,Vedalken,0
UARoR,Vedalken,,UARoR.Vedalken,UARoR.Vedalken,Vedalken,0
AI,Verdan,,AI.Verdan,AI.Verdan,Verdan,0
UARoR,Viashino,,UARoR.Viashino,UARoR.Viashino,Viashino,0
ERLW,Warforged,,ERLW.Warforged,ERLW.Warforged,Warforged,0
UAEB,Warforged,,UAEB.Warforged,UAEB.Warforged,Warforged,0
UARoE,Warforged,,UARoE.Warforged,UARoE.Warforged,Warforged,0
UARoE,Warforged,Envoy,UARoE.Warforged,UARoE.Warforged.Envoy,Warforged.Envoy,0
UARoE,Warforged,Juggernaut,UARoE.Warforged,UARoE.Warforged.Juggernaut,Warforged.Juggernaut,0
UARoE,Warforged,Skirmisher,UARoE.Warforged,UARoE.Warforged.Skirmisher,Warforged.Skirmisher,0
MPMM,Yuan-Ti,,MPMM.Yuan-Ti,MPMM.Yuan-Ti,Yuan-Ti,0
VGM,Yuan-ti Pureblood,,VGM.Yuan-ti Pureblood,VGM.Yuan-ti Pureblood,Yuan-ti Pureblood,0
DMG,Zombie,,DMG.Zombie,DMG.Zombie,Zombie,0
Point_Hat,Brownie,,Point_Hat.Brownie,Point_Hat.Brownie,Brownie,0
Point_Hat,Felis,,Point_Hat.Felis,Point_Hat.Felis,Felis,0
GH:PG,Dreamer,,GH:PG.Dreamer,GH:PG.Dreamer,Dreamer,0
GH:PG,Laneshi,,GH:PG.Laneshi,GH:PG.Laneshi,Laneshi,0
GH:PG,Laneshi,Mystic,GH:PG.Laneshi,GH:PG.Laneshi.Mystic,Laneshi.Mystic,0
GH:PG,Laneshi,Warrior,GH:PG.Laneshi,GH:PG.Laneshi.Warrior,Laneshi.Warrior,0
GH:PG,Ogresh,,GH:PG.Ogresh,GH:PG.Ogresh,Ogresh,0
GH:PG,The Disembodied,,GH:PG.The Disembodied,GH:PG.The Disembodied,The Disembodied,0
GH:PG,The Downcast,,GH:PG.The Downcast,GH:PG.The Downcast,The Downcast,0
GH:PG,The Downcast,Aurelian,GH:PG.The Downcast,GH:PG.The Downcast.Aurelian,The Downcast.Aurelian,0
GH:PG,The Downcast,Galtian,GH:PG.The Downcast,GH:PG.The Downcast.Galtian,The Downcast.Galtian,0
GH:PG,The Downcast,Maliganti,GH:PG.The Downcast,GH:PG.The Downcast.Maliganti,The Downcast.Maliganti,0
GH:PG,The Downcast,Ulmyrite,GH:PG.The Downcast,GH:PG.The Downcast.Ulmyrite,The Downcast.Ulmyrite,0
GH:PG,Wechselkind,,GH:PG.Wechselkind,GH:PG.Wechselkind,Wechselkind,0
SCPC,Silva,,SCPC.Silva,SCPC.Silva,Silva,0
SCPC,Silva,Forest,SCPC.Silva,SCPC.Silva.Forest,Silva.Forest,0
SCPC,Silva,Jungle,SCPC.Silva,SCPC.Silva.Jungle,Silva.Jungle,0
SCPC,Awakened Blight,,SCPC.Awakened Blight,SCPC.Awakened Blight,Awakened Blight,0
SCPC,Vegepygmy,,SCPC.Vegepygmy,SCPC.Vegepygmy,Vegepygmy,0
HCKOG,Kitsune,,HCKOG.Kitsune,HCKOG.Kitsune,Kitsune,0
HCKOG,Kitsune,Rage,HCKOG.Kitsune,HCKOG.Kitsune.Rage,Kitsune.Rage,0
HCKOG,Kitsune,Sun,HCKOG.Kitsune,HCKOG.Kitsune.Sun,Kitsune.Sun,0
HCKOG,Kitsune,Moon,HCKOG.Kitsune,HCKOG.Kitsune.Moon,Kitsune.Moon,0
HCKOG,Kitsune,Winter,HCKOG.Kitsune,HCKOG.Kitsune.Winter,Kitsune.Winter,0
Basils Brews,Domovoi,,Basils Brews.Domovoi,Basils Brews.Domovoi,Domovoi,0
Sisalik,Sisalik,,Sisalik.Sisalik,Sisalik.Sisalik,Sisalik,0
Sisalik,Sisalik,Hopeful Egg,Sisalik.Sisalik,Sisalik.Sisalik.Hopeful Egg,Sisalik.Hopeful Egg,0
Sisalik,Sisalik,Bad Egg,Sisalik.Sisalik,Sisalik.Sisalik.Bad Egg,Sisalik.Bad Egg,0
FFXIV5E,Au Ra,,FFXIV5E.Au Ra,FFXIV5E.Au Ra,Au Ra,0
FFXIV5E,Au Ra,Raen,FFXIV5E.Au Ra,FFXIV5E.Au Ra.Raen,Au Ra.Raen,0
FFXIV5E,Au Ra,Xaela,FFXIV5E.Au Ra,FFXIV5E.Au Ra.Xaela,Au Ra.Xaela,0
FFXIV5E,Corvian,,FFXIV5E.Corvian,FFXIV5E.Corvian,Corvian,0
FFXIV5E,Crystalkin,,FFXIV5E.Crystalkin,FFXIV5E.Crystalkin,Crystalkin,0
FFXIV5E,Crystalkin,Glassheart,FFXIV5E.Crystalkin,FFXIV5E.Crystalkin.Glassheart,Crystalkin.Glassheart,0
FFXIV5E,Crystalkin,Shardmind,FFXIV5E.Crystalkin,FFXIV5E.Crystalkin.Shardmind,Crystalkin.Shardmind,0
FFXIV5E,Deepling,,FFXIV5E.Deepling,FFXIV5E.Deepling,Deepling,0
FFXIV5E,Dragonborn.Dreadcaller,,FFXIV5E.Dragonborn.Dreadcaller,FFXIV5E.Dragonborn.Dreadcaller,Dragonborn.Dreadcaller,0
FFXIV5E,Dragonborn.Dreadcaller,Black,FFXIV5E.Dragonborn.Dreadcaller,FFXIV5E.Dragonborn.Dreadcaller.Black,Dragonborn.Dreadcaller.Black,0
FFXIV5E,Dragonborn.Dreadcaller,Blue,FFXIV5E.Dragonborn.Dreadcaller,FFXIV5E.Dragonborn.Dreadcaller.Blue,Dragonborn.Dreadcaller.Blue,0
FFXIV5E,Dragonborn.Dreadcaller,Brass,FFXIV5E.Dragonborn.Dreadcaller,FFXIV5E.Dragonborn.Dreadcaller.Brass,Dragonborn.Dreadcaller.Brass,0
FFXIV5E,Dragonborn.Dreadcaller,Bronze,FFXIV5E.Dragonborn.Dreadcaller,FFXIV5E.Dragonborn.Dreadcaller.Bronze,Dragonborn.Dreadcaller.Bronze,0
FFXIV5E,Dragonborn.Dreadcaller,Copper,FFXIV5E.Dragonborn.Dreadcaller,FFXIV5E.Dragonborn.Dreadcaller.Copper,Dragonborn.Dreadcaller.Copper,0
FFXIV5E,Dragonborn.Dreadcaller,Gold,FFXIV5E.Dragonborn.Dreadcaller,FFXIV5E.Dragonborn.Dreadcaller.Gold,Dragonborn.Dreadcaller.Gold,0
FFXIV5E,Dragonborn.Dreadcaller,Green,FFXIV5E.Dragonborn.Dreadcaller,FFXIV5E.Dragonborn.Dreadcaller.Green,Dragonborn.Dreadcaller.Green,0
FFXIV5E,Dragonborn.Dreadcaller,Red,FFXIV5E.Dragonborn.Dreadcaller,FFXIV5E.Dragonborn.Dreadcaller.Red,Dragonborn.Dreadcaller.Red,0
FFXIV5E,Dragonborn.Dreadcaller,Silver,FFXIV5E.Dragonborn.Dreadcaller,FFXIV5E.Dragonborn.Dreadcaller.Silver,Dragonborn.Dreadcaller.Silver,0
FFXIV5E,Dragonborn.Dreadcaller,White,FFXIV5E.Dragonborn.Dreadcaller,FFXIV5E.Dragonborn.Dreadcaller.White,Dragonborn.Dreadcaller.White,0
FFXIV5E,Dragonborn.Murkdweller,,FFXIV5E.Dragonborn.Murkdweller,FFXIV5E.Dragonborn.Murkdweller,Dragonborn.Murkdweller,0
FFXIV5E,Dragonborn.Murkdweller,Black,FFXIV5E.Dragonborn.Murkdweller,FFXIV5E.Dragonborn.Murkdweller.Black,Dragonborn.Murkdweller.Black,0
FFXIV5E,Dragonborn.Murkdweller,Blue,FFXIV5E.Dragonborn.Murkdweller,FFXIV5E.Dragonborn.Murkdweller.Blue,Dragonborn.Murkdweller.Blue,0
FFXIV5E,Dragonborn.Murkdweller,Brass,FFXIV5E.Dragonborn.Murkdweller,FFXIV5E.Dragonborn.Murkdweller.Brass,Dragonborn.Murkdweller.Brass,0
FFXIV5E,Dragonborn.Murkdweller,Bronze,FFXIV5E.Dragonborn.Murkdweller,FFXIV5E.Dragonborn.Murkdweller.Bronze,Dragonborn.Murkdweller.Bronze,0
FFXIV5E,Dragonborn.Murkdweller,Copper,FFXIV5E.Dragonborn.Murkdweller,FFXIV5E.Dragonborn.Murkdweller.Copper,Dragonborn.Murkdweller.Copper,0
FFXIV5E,Dragonborn.Murkdweller,Gold,FFXIV5E.Dragonborn.Murkdweller,FFXIV5E.Dragonborn.Murkdweller.Gold,Dragonborn.Murkdweller.Gold,0
FFXIV5E,Dragonborn.Murkdweller,Green,FFXIV5E.Dragonborn.Murkdweller,FFXIV5E.Dragonborn.Murkdweller.Green,Dragonborn.Murkdweller.Green,0
FFXIV5E,Dragonborn.Murkdweller,Red,FFXIV5E.Dragonborn.Murkdweller,FFXIV5E.Dragonborn.Murkdweller.Red,Dragonborn.Murkdweller.Red,0
FFXIV5E,Dragonborn.Murkdweller,Silver,FFXIV5E.Dragonborn.Murkdweller,FFXIV5E.Dragonborn.Murkdweller.Silver,Dragonborn.Murkdweller.Silver,0
FFXIV5E,Dragonborn.Murkdweller,White,FFXIV5E.Dragonborn.Murkdweller,FFXIV5E.Dragonborn.Murkdweller.White,Dragonborn.Murkdweller.White,0
FFXIV5E,Dragonborn.Steelscale,,FFXIV5E.Dragonborn.Steelscale,FFXIV5E.Dragonborn.Steelscale,Dragonborn.Steelscale,0
FFXIV5E,Dragonborn.Steelscale,Black,FFXIV5E.Dragonborn.Steelscale,FFXIV5E.Dragonborn.Steelscale.Black,Dragonborn.Steelscale.Black,0
FFXIV5E,Dragonborn.Steelscale,Blue,FFXIV5E.Dragonborn.Steelscale,FFXIV5E.Dragonborn.Steelscale.Blue,Dragonborn.Steelscale.Blue,0
FFXIV5E,Dragonborn.Steelscale,Brass,FFXIV5E.Dragonborn.Steelscale,FFXIV5E.Dragonborn.Steelscale.Brass,Dragonborn.Steelscale.Brass,0
FFXIV5E,Dragonborn.Steelscale,Bronze,FFXIV5E.Dragonborn.Steelscale,FFXIV5E.Dragonborn.Steelscale.Bronze,Dragonborn.Steelscale.Bronze,0
FFXIV5E,Dragonborn.Steelscale,Copper,FFXIV5E.Dragonborn.Steelscale,FFXIV5E.Dragonborn.Steelscale.Copper,Dragonborn.Steelscale.Copper,0
FFXIV5E,Dragonborn.Steelscale,Gold,FFXIV5E.Dragonborn.Steelscale,FFXIV5E.Dragonborn.Steelscale.Gold,Dragonborn.Steelscale.Gold,0
FFXIV5E,Dragonborn.Steelscale,Green,FFXIV5E.Dragonborn.Steelscale,FFXIV5E.Dragonborn.Steelscale.Green,Dragonborn.Steelscale.Green,0
FFXIV5E,Dragonborn.Steelscale,Red,FFXIV5E.Dragonborn.Steelscale,FFXIV5E.Dragonborn.Steelscale.Red,Dragonborn.Steelscale.Red,0
FFXIV5E,Dragonborn.Steelscale,Silver,FFXIV5E.Dragonborn.Steelscale,FFXIV5E.Dragonborn.Steelscale.Silver,Dragonborn.Steelscale.Silver,0
FFXIV5E,Dragonborn.Steelscale,White,FFXIV5E.Dragonborn.Steelscale,FFXIV5E.Dragonborn.Steelscale.White,Dragonborn.Steelscale.White,0
FFXIV5E,Dragonborn.Wayfarer,,FFXIV5E.Dragonborn.Wayfarer,FFXIV5E.Dragonborn.Wayfarer,Dragonborn.Wayfarer,0
FFXIV5E,Dragonborn.Wayfarer,Black,FFXIV5E.Dragonborn.Wayfarer,FFXIV5E.Dragonborn.Wayfarer.Black,Dragonborn.Wayfarer.Black,0
FFXIV5E,Dragonborn.Wayfarer,Blue,FFXIV5E.Dragonborn.Wayfarer,FFXIV5E.Dragonborn.Wayfarer.Blue,Dragonborn.Wayfarer.Blue,0
FFXIV5E,Dragonborn.Wayfarer,Brass,FFXIV5E.Dragonborn.Wayfarer,FFXIV5E.Dragonborn.Wayfarer.Brass,Dragonborn.Wayfarer.Brass,0
FFXIV5E,Dragonborn.Wayfarer,Bronze,FFXIV5E.Dragonborn.Wayfarer,FFXIV5E.Dragonborn.Wayfarer.Bronze,Dragonborn.Wayfarer.Bronze,0
FFXIV5E,Dragonborn.Wayfarer,Copper,FFXIV5E.Dragonborn.Wayfarer,FFXIV5E.Dragonborn.Wayfarer.Copper,Dragonborn.Wayfarer.Copper,0
FFXIV5E,Dragonborn.Wayfarer,Gold,FFXIV5E.Dragonborn.Wayfarer,FFXIV5E.Dragonborn.Wayfarer.Gold,Dragonborn.Wayfarer.Gold,0
FFXIV5E,Dragonborn.Wayfarer,Green,FFXIV5E.Dragonborn.Wayfarer,FFXIV5E.Dragonborn.Wayfarer.Green,Dragonborn.Wayfarer.Green,0
FFXIV5E,Dragonborn.Wayfarer,Red,FFXIV5E.Dragonborn.Wayfarer,FFXIV5E.Dragonborn.Wayfarer.Red,Dragonborn.Wayfarer.Red,0
FFXIV5E,Dragonborn.Wayfarer,Silver,FFXIV5E.Dragonborn.Wayfarer,FFXIV5E.Dragonborn.Wayfarer.Silver,Dragonborn.Wayfarer.Silver,0
FFXIV5E,Dragonborn.Wayfarer,White,FFXIV5E.Dragonborn.Wayfarer,FFXIV5E.Dragonborn.Wayfarer.White,Dragonborn.Wayfarer.White,0
FFXIV5E,Dwarf,Ember,FFXIV5E.Dwarf,FFXIV5E.Dwarf.Ember,Dwarf.Ember,0
FFXIV5E,Dwarf,Stone,FFXIV5E.Dwarf,FFXIV5E.Dwarf.Stone,Dwarf.Stone,0
FFXIV5E,Dwarf,Tundra,FFXIV5E.Dwarf,FFXIV5E.Dwarf.Tundra,Dwarf.Tundra,0
FFXIV5E,Elezen,,FFXIV5E.Elezen,FFXIV5E.Elezen,Elezen,0
FFXIV5E,Elezen,Duskwight,FFXIV5E.Elezen,FFXIV5E.Elezen.Duskwight,Elezen.Duskwight,0
FFXIV5E,Elezen,Ishgardian,FFXIV5E.Elezen,FFXIV5E.Elezen.Ishgardian,Elezen.Ishgardian,0
FFXIV5E,Elezen,Wildwood,FFXIV5E.Elezen,FFXIV5E.Elezen.Wildwood,Elezen.Wildwood,0
FFXIV5E,Elf,Bright,FFXIV5E.Elf,FFXIV5E.Elf.Bright,Elf.Bright,0
FFXIV5E,Elf,Green,FFXIV5E.Elf,FFXIV5E.Elf.Green,Elf.Green,0
FFXIV5E,Elf,Thimble,FFXIV5E.Elf,FFXIV5E.Elf.Thimble,Elf.Thimble,0
FFXIV5E,Fairy,Pixie,FFXIV5E.Fairy,FFXIV5E.Fairy.Pixie,Fairy.Pixie,0
FFXIV5E,Fairy,Scamp,FFXIV5E.Fairy,FFXIV5E.Fairy.Scamp,Fairy.Scamp,0
FFXIV5E,Fairy,Sprite,FFXIV5E.Fairy,FFXIV5E.Fairy.Sprite,Fairy.Sprite,0
FFXIV5E,Garlean,,FFXIV5E.Garlean,FFXIV5E.Garlean,Garlean,0
FFXIV5E,Genasi,Ash,FFXIV5E.Genasi,FFXIV5E.Genasi.Ash,Genasi.Ash,0
FFXIV5E,Genasi,Ice,FFXIV5E.Genasi,FFXIV5E.Genasi.Ice,Genasi.Ice,0
FFXIV5E,Genasi,Slime,FFXIV5E.Genasi,FFXIV5E.Genasi.Slime,Genasi.Slime,0
FFXIV5E,Genasi,Storm,FFXIV5E.Genasi,FFXIV5E.Genasi.Storm,Genasi.Storm,0
FFXIV5E,Half Dragon,,FFXIV5E.Half Dragon,FFXIV5E.Half Dragon,Half Dragon,0
FFXIV5E,Half Dragon,Black,FFXIV5E.Half Dragon,FFXIV5E.Half Dragon.Black,Half Dragon.Black,0
FFXIV5E,Half Dragon,Blue,FFXIV5E.Half Dragon,FFXIV5E.Half Dragon.Blue,Half Dragon.Blue,0
FFXIV5E,Half Dragon,Brass,FFXIV5E.Half Dragon,FFXIV5E.Half Dragon.Brass,Half Dragon.Brass,0
FFXIV5E,Half Dragon,Bronze,FFXIV5E.Half Dragon,FFXIV5E.Half Dragon.Bronze,Half Dragon.Bronze,0
FFXIV5E,Half Dragon,Copper,FFXIV5E.Half Dragon,FFXIV5E.Half Dragon.Copper,Half Dragon.Copper,0
FFXIV5E,Half Dragon,Gold,FFXIV5E.Half Dragon,FFXIV5E.Half Dragon.Gold,Half Dragon.Gold,0
FFXIV5E,Half Dragon,Green,FFXIV5E.Half Dragon,FFXIV5E.Half Dragon.Green,Half Dragon.Green,0
FFXIV5E,Half Dragon,Red,FFXIV5E.Half Dragon,FFXIV5E.Half Dragon.Red,Half Dragon.Red,0
FFXIV5E,Half Dragon,Silver,FFXIV5E.Half Dragon,FFXIV5E.Half Dragon.Silver,Half Dragon.Silver,0
FFXIV5E,Half Dragon,White,FFXIV5E.Half Dragon,FFXIV5E.Half Dragon.White,Half Dragon.White,0
FFXIV5E,Halfling,Jungle,FFXIV5E.Halfling,FFXIV5E.Halfling.Jungle,Halfling.Jungle,0
FFXIV5E,Halfling,River,FFXIV5E.Halfling,FFXIV5E.Halfling.River,Halfling.River,0
FFXIV5E,Hrothgar,,FFXIV5E.Hrothgar,FFXIV5E.Hrothgar,Hrothgar,0
FFXIV5E,Hrothgar,Helion,FFXIV5E.Hrothgar,FFXIV5E.Hrothgar.Helion,Hrothgar.Helion,0
FFXIV5E,Hrothgar,The Lost,FFXIV5E.Hrothgar,FFXIV5E.Hrothgar.The Lost,Hrothgar.The Lost,0
FFXIV5E,Hyur,,FFXIV5E.Hyur,FFXIV5E.Hyur,Hyur,0
FFXIV5E,Hyur,Highlander,FFXIV5E.Hyur,FFXIV5E.Hyur.Highlander,Hyur.Highlander,0
FFXIV5E,Hyur,Midlander,FFXIV5E.Hyur,FFXIV5E.Hyur.Midlander,Hyur.Midlander,0
FFXIV5E,Hyur,Variant: Padjal,FFXIV5E.Hyur,FFXIV5E.Hyur.Variant: Padjal,Hyur.Variant: Padjal,0
FFXIV5E,Kobold,,FFXIV5E.Kobold,FFXIV5E.Kobold,Kobold,0
FFXIV5E,Lalafell,,FFXIV5E.Lalafell,FFXIV5E.Lalafell,Lalafell,0
FFXIV5E,Lalafell,Dunesfolk,FFXIV5E.Lalafell,FFXIV5E.Lalafell.Dunesfolk,Lalafell.Dunesfolk,0
FFXIV5E,Lalafell,Plainsfolk,FFXIV5E.Lalafell,FFXIV5E.Lalafell.Plainsfolk,Lalafell.Plainsfolk,0
FFXIV5E,Lalafell,Variant: Dwarf,FFXIV5E.Lalafell,FFXIV5E.Lalafell.Variant: Dwarf,Lalafell.Variant: Dwarf,0
FFXIV5E,Lizardfolk,,FFXIV5E.Lizardfolk,FFXIV5E.Lizardfolk,Lizardfolk,0
FFXIV5E,Lizardfolk,Blackscale,FFXIV5E.Lizardfolk,FFXIV5E.Lizardfolk.Blackscale,Lizardfolk.Blackscale,0
FFXIV5E,Lizardfolk,Poison Dusk,FFXIV5E.Lizardfolk,FFXIV5E.Lizardfolk.Poison Dusk,Lizardfolk.Poison Dusk,0
FFXIV5E,Lizardfolk,Sharptooth,FFXIV5E.Lizardfolk,FFXIV5E.Lizardfolk.Sharptooth,Lizardfolk.Sharptooth,0
FFXIV5E,Miqo'te,,FFXIV5E.Miqo'te,FFXIV5E.Miqo'te,Miqo'te,0
FFXIV5E,Miqo'te,Keepers of the Moon,FFXIV5E.Miqo'te,FFXIV5E.Miqo'te.Keepers of the Moon,Miqo'te.Keepers of the Moon,0
FFXIV5E,Miqo'te,Seekers of the Sun,FFXIV5E.Miqo'te,FFXIV5E.Miqo'te.Seekers of the Sun,Miqo'te.Seekers of the Sun,0
FFXIV5E,Roegadyn,,FFXIV5E.Roegadyn,FFXIV5E.Roegadyn,Roegadyn,0
FFXIV5E,Roegadyn,Hellsguard,FFXIV5E.Roegadyn,FFXIV5E.Roegadyn.Hellsguard,Roegadyn.Hellsguard,0
FFXIV5E,Roegadyn,Seawolf,FFXIV5E.Roegadyn,FFXIV5E.Roegadyn.Seawolf,Roegadyn.Seawolf,0
FFXIV5E,Viera,,FFXIV5E.Viera,FFXIV5E.Viera,Viera,0
FFXIV5E,Viera,Rava,FFXIV5E.Viera,FFXIV5E.Viera.Rava,Viera.Rava,0
FFXIV5E,Viera,Veena,FFXIV5E.Viera,FFXIV5E.Viera.Veena,Viera.Veena,0
TEB,Corvian,,TEB.Corvian,TEB.Corvian,Corvian,0
TEB,Crystalkin,,TEB.Crystalkin,TEB.Crystalkin,Crystalkin,0
TEB,Crystalkin,Glassheart,TEB.Crystalkin,TEB.Crystalkin.Glassheart,Crystalkin.Glassheart,0
TEB,Crystalkin,Shardmind,TEB.Crystalkin,TEB.Crystalkin.Shardmind,Crystalkin.Shardmind,0
TEB,Deepling,,TEB.Deepling,TEB.Deepling,Deepling,0
TEB,Dwarf,Ember,TEB.Dwarf,TEB.Dwarf.Ember,Dwarf.Ember,0
TEB,Dwarf,Stone,TEB.Dwarf,TEB.Dwarf.Stone,Dwarf.Stone,0
TEB,Dwarf,Tundra,TEB.Dwarf,TEB.Dwarf.Tundra,Dwarf.Tundra,0
TEB,Elf,Bright,TEB.Elf,TEB.Elf.Bright,Elf.Bright,0
TEB,Elf,Green,TEB.Elf,TEB.Elf.Green,Elf.Green,0
TEB,Elf,Thimble,TEB.Elf,TEB.Elf.Thimble,Elf.Thimble,0
TEB,Fairy,Pixie,TEB.Fairy,TEB.Fairy.Pixie,Fairy.Pixie,0
TEB,Fairy,Scamp,TEB.Fairy,TEB.Fairy.Scamp,Fairy.Scamp,0
TEB,Fairy,Sprite,TEB.Fairy,TEB.Fairy.Sprite,Fairy.Sprite,0
TEB,Genasi,Ash,TEB.Genasi,TEB.Genasi.Ash,Genasi.Ash,0
TEB,Genasi,Ice,TEB.Genasi,TEB.Genasi.Ice,Genasi.Ice,0
TEB,Genasi,Slime,TEB.Genasi,TEB.Genasi.Slime,Genasi.Slime,0
TEB,Genasi,Storm,TEB.Genasi,TEB.Genasi.Storm,Genasi.Storm,0
TEB,Halfling,Jungle,TEB.Halfling,TEB.Halfling.Jungle,Halfling.Jungle,0
TEB,Halfling,River,TEB.Halfling,TEB.Halfling.River,Halfling.River,0
HGtV,Cecaelias,,HGtV.Cecaelias,HGtV.Cecaelias,Cecaelias,0
HGtV,Dragonborn,Draga,HGtV.Dragonborn,HGtV.Dragonborn.Draga,Dragonborn.Draga,0
HGtV,Sea Dwarf,Aurirn,HGtV.Sea Dwarf,HGtV.Sea Dwarf.Aurirn,Sea Dwarf.Aurirn,0
HGtV,Sea Elf,Quessari,HGtV.Sea Elf,HGtV.Sea Elf.Quessari,Sea Elf.Quessari,0
HGtV,Grindylows,,HGtV.Grindylows,HGtV.Grindylows,Grindylows,0
HGtV,Merfolk,,HGtV.Merfolk,HGtV.Merfolk,Merfolk,0
HGtV,Selkies,,HGtV.Selkies,HGtV.Selkies,Selkies,0
HGtV,Sirens,,HGtV.Sirens,HGtV.Sirens,Sirens,0
HGtV,Tiburons,,HGtV.Tiburons,HGtV.Tiburons,Tiburons,0
HGtV,Vodas,,HGtV.Vodas,HGtV.Vodas,Vodas,0
HGtV,Cursed Souls,,HGtV.Cursed Souls,HGtV.Cursed Souls,Cursed Souls,0
HGtV,Ancients,,HGtV.Ancients,HGtV.Ancients,Ancients,0
HGtV,Dragonborn,Aquatic,HGtV.Dragonborn,HGtV.Dragonborn.Aquatic,Dragonborn.Aquatic,0
HGtV,Karokans,,HGtV.Karokans,HGtV.Karokans,Karokans,0
HGtV,Minotaurs,,HGtV.Minotaurs,HGtV.Minotaurs,Minotaurs,0
